DATE,YEAR,MONTH,LOP,2022 (TEUS),2023 (TEUS),2024 (TEUS),2025 (TEUS),2026 (TEUS),%
2024-01-01,2024,1,CMA,12085,14158.0,10480.0,,,0.1715
2024-01-02,2024,1,EMC,12494,13601.0,10651.0,,,0.0886
2024-01-03,2024,1,MSC,11120,10754.0,10412.0,,,-0.0329
2024-01-04,2024,1,ONE,12015,10592.0,12560.0,,,-0.1184
2024-01-05,2024,1,MSK,14065,9899.0,14137.0,,,-0.2962
2024-01-06,2024,1,WHL,6221,7028.0,6119.0,,,0.1297
2024-01-07,2024,1,COSCO,10768,6956.0,8280.0,,,-0.354
2024-01-08,2024,1,OOCL,5100,5333.0,5378.0,,,0.0457
2024-01-09,2024,1,RCL,2297,3394.0,3875.0,,,4.4919
2024-01-10,2024,1,SITC,2275,3267.0,4316.0,,,-0.2173
2024-01-11,2024,1,HPL,3316,0.0,0.0,,,0.3761
2024-01-12,2024,1,YML,1186,2614.0,2133.0,,,0.149
2024-01-13,2024,1,KMTC,2262,1675.0,3186.0,,,-0.4946
2024-01-14,2024,1,GSL,2157,1533.0,1461.0,,,0.2926
2024-01-15,2024,1,PIL,2297,984.0,1306.0,,,-0.565
2024-01-16,2024,1,SSL,2275,840.0,1258.0,,,-0.6106
2024-01-17,2024,1,HMM,1559,428.0,658.0,,,-0.7255
2024-01-18,2024,1,ANL,-,377.0,0.0,,,0
2024-01-19,2024,1,XCL,1542,199.0,282.0,,,-0.8709
2024-01-20,2024,1,KRL,-,0.0,0.0,,,0
2024-01-21,2024,1,KSL,-,0.0,0.0,,,0
2024-01-22,2024,1,MELL,255,0.0,0.0,,,-1
2024-01-23,2024,1,OTHER,2347,2819.0,2500.0,,,0.3805
2024-02-01,2024,2,EMC,26036,12759.0,10830.0,,,0.0124
2024-02-02,2024,2,CMA,25419,12019.0,8360.0,,,0.0298
2024-02-03,2024,2,MSK,27297,13383.0,14749.0,,,-0.1471
2024-02-04,2024,2,ONE,21359,9316.0,11242.0,,,-0.0679
2024-02-05,2024,2,MSC,21751,8157.0,9565.0,,,-0.1306
2024-02-06,2024,2,COSCO,23839,7269.0,9678.0,,,-0.4033
2024-02-07,2024,2,WHL,13712,7005.0,6126.0,,,0.0234
2024-02-08,2024,2,OOCL,9161,5728.0,6453.0,,,0.2074
2024-02-09,2024,2,RCL,1061,3414.0,3777.0,,,5.4166
2024-02-10,2024,2,OTHER,4257,2038.0,2015.0,,,0.4733
2024-02-11,2024,2,SITC,7321,2670.0,3116.0,,,-0.189
2024-02-12,2024,2,HAPAG,3923,2645.0,2735.0,,,0.48
2024-02-13,2024,2,YML,4176,2700.0,1535.0,,,0.2725
2024-02-14,2024,2,KMTC,5407,1735.0,3168.0,,,-0.3693
2024-02-15,2024,2,GSL,2395,1697.0,1861.0,,,0.3486
2024-02-16,2024,2,PIL,4322,1463.0,1010.0,,,-0.4338
2024-02-17,2024,2,SSL,3774,863.0,1025.0,,,-0.5488
2024-02-18,2024,2,ANL,-,575.0,0.0,,,0
2024-02-19,2024,2,HMM,3142,453.0,632.0,,,-0.7196
2024-02-20,2024,2,XCL,2448,251.0,216.0,,,-0.8162
2024-02-21,2024,2,MELL,261,80.0,0.0,,,-0.6935
2024-02-22,2024,2,KRL,206,70.0,0.0,,,-0.6602
2024-02-23,2024,2,KSL,-,0.0,0.0,,,0
2024-03-01,2024,3,EMC,38881,17518.0,16744.0,,,0.1285
2024-03-02,2024,3,CMA,34249,16376.0,17213.0,,,0.2425
2024-03-03,2024,3,MSK,41446,13068.0,14308.0,,,-0.123
2024-03-04,2024,3,ONE,32622,11695.0,12477.0,,,-0.0312
2024-03-05,2024,3,MSC,32928,10739.0,13414.0,,,-0.0996
2024-03-06,2024,3,WHL,17560,10793.0,8224.0,,,0.4138
2024-03-07,2024,3,COSCO,34027,7680.0,10735.0,,,-0.3562
2024-03-08,2024,3,OOCL,14084,6189.0,6408.0,,,0.2248
2024-03-09,2024,3,OTHER,9910,1458.0,1514.0,,,0.2284
2024-03-10,2024,3,RCL,2672,3173.0,4095.0,,,2.7354
2024-03-11,2024,3,HAPAG,6210,3361.0,3538.0,,,0.4762
2024-03-12,2024,3,SITC,10680,3167.0,3233.0,,,-0.1476
2024-03-13,2024,3,YML,7456,2556.0,974.0,,,0.0555
2024-03-14,2024,3,KMTC,8354,2299.0,2560.0,,,-0.3166
2024-03-15,2024,3,GSL,3437,2034.0,1280.0,,,0.5316
2024-03-16,2024,3,PIL,6996,1397.0,1198.0,,,-0.4505
2024-03-17,2024,3,SSL,5173,1307.0,1401.0,,,-0.4181
2024-03-18,2024,3,ANL,-,803.0,0.0,,,0
2024-03-19,2024,3,HMM,4666,582.0,585.0,,,-0.6865
2024-03-20,2024,3,XCL,4010,265.0,768.0,,,-0.8217
2024-03-21,2024,3,MELL,269,270.0,220.0,,,0.3011
2024-03-22,2024,3,KRL,112,0.0,0.0,,,-0.375
2024-03-23,2024,3,KSL,-,0.0,0.0,,,0
2024-04-01,2024,4,CMA,48138,16375.0,17626.0,,,0.2241
2024-04-02,2024,4,EMC,55238,11880.0,11725.0,,,0.0094
2024-04-03,2024,4,MSK,61173,15581.0,15432.0,,,-0.1511
2024-04-04,2024,4,ONE,42913,9166.0,12740.0,,,-0.05
2024-04-05,2024,4,MSC,41616,9904.0,5408.0,,,-0.0495
2024-04-06,2024,4,WHL,22810,6568.0,5217.0,,,0.3763
2024-04-07,2024,4,COSCO,45728,5820.0,12400.0,,,-0.3937
2024-04-08,2024,4,OOCL,18000,4654.0,5170.0,,,0.2169
2024-04-09,2024,4,OTHER,8887,1819.0,1382.0,,,0.8949
2024-04-10,2024,4,RCL,5811,2659.0,3604.0,,,1.1752
2024-04-11,2024,4,SITC,13846,2988.0,2820.0,,,-0.1267
2024-04-12,2024,4,HAPAG,8478,2888.0,2552.0,,,0.4219
2024-04-13,2024,4,YML,9387,2097.0,610.0,,,0.0618
2024-04-14,2024,4,KMTC,10478,1871.0,2116.0,,,-0.2766
2024-04-15,2024,4,GSL,3829,1663.0,699.0,,,0.8091
2024-04-16,2024,4,PIL,9897,871.0,973.0,,,-0.5236
2024-04-17,2024,4,SSL,6659,1058.0,1526.0,,,-0.3891
2024-04-18,2024,4,ANL,3304,820.0,0.0,,,0
2024-04-19,2024,4,HMM,6193,345.0,416.0,,,-0.7081
2024-04-20,2024,4,XCL,5196,269.0,470.0,,,-0.8106
2024-04-21,2024,4,MELL,480,0.0,87.0,,,-0.2708
2024-04-22,2024,4,SWI,0,0.0,219.0,,,0.0%
2024-04-23,2024,4,KRL,112,0.0,0.0,,,-0.375
2024-04-24,2024,4,KSL,-,0.0,0.0,,,0
2024-05-01,2024,5,CMA,60113,20193.0,21237.0,,,0.3162
2024-05-02,2024,5,EMC,65036,17515.0,18391.0,,,0.1267
2024-05-03,2024,5,MSK,75633,14971.0,13946.0,,,-0.1154
2024-05-04,2024,5,MSC,50535,15075.0,17315.0,,,0.081
2024-05-05,2024,5,ONE,52795,12013.0,16124.0,,,-0.0002
2024-05-06,2024,5,WHL,27038,7160.0,5192.0,,,0.4259
2024-05-07,2024,5,COSCO,56025,7961.0,13147.0,,,-0.363
2024-05-08,2024,5,OOCL,22510,5616.0,6328.0,,,0.2226
2024-05-09,2024,5,RCL,7563,3699.0,4548.0,,,1.1604
2024-05-10,2024,5,SITC,16806,3253.0,3234.0,,,-0.0869
2024-05-11,2024,5,HAPAG,10481,3063.0,2931.0,,,0.4424
2024-05-12,2024,5,YML,11682,2587.0,1752.0,,,0.0746
2024-05-13,2024,5,KMTC,11364,2680.0,2815.0,,,-0.0971
2024-05-14,2024,5,TSL,0,0.0,1941.0,,,
2024-05-15,2024,5,OTHER,11760,0.0,1877.0,,,-0.1349
2024-05-16,2024,5,GSL,4695,2136.0,1818.0,,,0.9304
2024-05-17,2024,5,PIL,11250,848.0,973.0,,,-0.5055
2024-05-18,2024,5,SSL,8756,1368.0,1766.0,,,-0.3792
2024-05-19,2024,5,ANL,4080,1020.0,0.0,,,0
2024-05-20,2024,5,HMM,7059,581.0,421.0,,,-0.6616
2024-05-21,2024,5,XCL,5932,326.0,589.0,,,-0.7792
2024-05-22,2024,5,MELL,496,43.0,175.0,,,-0.2077
2024-05-23,2024,5,KRL,318,0.0,0.0,,,-0.7799
2024-05-24,2024,5,KSL,333,0.0,0.0,,,-1
2024-06-01,2024,6,CMA,84109,15464.0,18097.0,,,0.1997
2024-06-01,2024,6,EMC,80647,16058.0,14451.0,,,0.1077
2024-06-01,2024,6,MSK,89453,17674.0,13696.0,,,-0.0545
2024-06-01,2024,6,MSC,59848,11175.0,11872.0,,,0.0995
2024-06-01,2024,6,ONE,63478,11617.0,12471.0,,,0.0145
2024-06-01,2024,6,WHL,31937,5471.0,6693.0,,,0.3785
2024-06-01,2024,6,COSCO,67829,7409.0,11476.0,,,-0.3647
2024-06-01,2024,6,OOCL,27553,4970.0,5841.0,,,0.1792
2024-06-01,2024,6,RCL,11183,3498.0,4486.0,,,0.7739
2024-06-01,2024,6,SITC,19090,3181.0,4064.0,,,-0.0295
2024-06-01,2024,6,HAPAG,12908,3038.0,2355.0,,,0.4066
2024-06-01,2024,6,YML,13911,2932.0,2083.0,,,0.1132
2024-06-01,2024,6,KMTC,12493,3235.0,2790.0,,,0.0802
2024-06-01,2024,6,OTHER,14710,2090.0,1843.0,,,-0.1663
2024-06-01,2024,6,GSL,6009,1668.0,2023.0,,,0.7858
2024-06-01,2024,6,SSL,10483,1619.0,1411.0,,,-0.327
2024-06-01,2024,6,PIL,12657,996.0,1135.0,,,-0.4818
2024-06-01,2024,6,ANL,5269,617.0,0.0,,,0
2024-06-01,2024,6,HMM,7819,641.0,662.0,,,-0.6125
2024-06-01,2024,6,XCL,6536,204.0,402.0,,,-0.7684
2024-06-21,2024,6,MELL,496,346.0,167.0,,,0.4899
2024-06-01,2024,6,KRL,510,0.0,0.0,,,-0.8627
2024-06-01,2024,6,KSL,778,0.0,0.0,,,-1
2024-06-01,2024,6,SWI,0,0.0,118.0,,,
2024-07-01,2024,7,CMA,96589,22473.0,22166.0,,,0.2119
2024-07-01,2024,7,EMC,95541,17825.0,19738.0,,,0.1216
2024-07-01,2024,7,MSK,103180,16514.0,16870.0,,,-0.0203
2024-07-01,2024,7,MSC,69137,12703.0,15222.0,,,0.1355
2024-07-01,2024,7,ONE,72983,11227.0,13463.0,,,0.0362
2024-07-01,2024,7,WHL,37284,7825.0,12285.0,,,0.3907
2024-07-01,2024,7,COSCO,79527,6546.0,6654.0,,,-0.3758
2024-07-01,2024,7,OOCL,32599,4899.0,5193.0,,,0.1469
2024-07-01,2024,7,RCL,13863,4359.0,4605.0,,,0.7454
2024-07-01,2024,7,SITC,22566,3589.0,3453.0,,,-0.02
2024-07-01,2024,7,HAPAG,15329,3164.0,2885.0,,,0.3908
2024-07-01,2024,7,YML,17029,2116.0,2718.0,,,0.0336
2024-07-01,2024,7,KMTC,14851,3321.0,2376.0,,,0.1323
2024-07-01,2024,7,OTHER,18015,1397.0,2338.0,,,-0.2383
2024-07-01,2024,7,GSL,7917,1343.0,1765.0,,,0.5251
2024-07-01,2024,7,SSL,11575,1610.0,1567.0,,,-0.2514
2024-07-01,2024,7,PIL,13925,1242.0,1466.0,,,-0.4398
2024-07-01,2024,7,ANL,6282,1126.0,1280.0,,,0
2024-07-01,2024,7,HMM,8887,1014.0,967.0,,,-0.545
2024-07-01,2024,7,XCL,7228,434.0,519.0,,,-0.7305
2024-07-01,2024,7,MELL,502,637.0,313.0,,,1.741
2024-07-01,2024,7,KRL,510,0.0,203.0,,,-0.8627
2024-07-01,2024,7,KSL,778,0.0,0.0,,,-1
2024-08-01,2024,8,CMA,117329,18241.0,27271.0,,,0.1532
2024-08-01,2024,8,EMC,109168,17870.0,14988.0,,,0.1453
2024-08-01,2024,8,MSK,118877,14402.0,24498.0,,,-0.0285
2024-08-01,2024,8,MSC,81279,14675.0,12520.0,,,0.1464
2024-08-01,2024,8,ONE,80591,11170.0,12165.0,,,0.077
2024-08-01,2024,8,WHL,43163,7444.0,6573.0,,,0.3737
2024-08-01,2024,8,COSCO,89952,5123.0,12347.0,,,-0.3912
2024-08-01,2024,8,OOCL,37879,5345.0,7165.0,,,0.1282
2024-08-01,2024,8,RCL,17567,3117.0,3118.0,,,0.5548
2024-08-01,2024,8,SITC,26112,2924.0,4171.0,,,-0.0411
2024-08-01,2024,8,HAPAG,17257,3033.0,2886.0,,,0.4112
2024-08-01,2024,8,YML,19454,2640.0,1402.0,,,0.0405
2024-08-01,2024,8,KMTC,17448,3107.0,2466.0,,,0.1419
2024-08-01,2024,8,OTHER,21627,795.0,1831.0,,,-0.3248
2024-08-01,2024,8,GSL,9467,2058.0,1636.0,,,0.4928
2024-08-01,2024,8,SSL,12620,1603.0,1664.0,,,-0.1864
2024-08-01,2024,8,PIL,15468,1174.0,1236.0,,,-0.4198
2024-08-01,2024,8,ANL,7314,931.0,0.0,,,0
2024-08-01,2024,8,HMM,10073,729.0,651.0,,,-0.5262
2024-08-01,2024,8,XCL,7734,571.0,669.0,,,-0.6743
2024-08-01,2024,8,MELL,743,310.0,394.0,,,1.2692
2024-08-01,2024,8,BEN,-,312.0,0.0,,,0
2024-08-01,2024,8,KRL,803,0.0,0.0,,,-0.9128
2024-09-01,2024,9,CMA,133054,16647.0,20069.0,,,0.142
2024-09-01,2024,9,EMC,119331,16022.0,15875.0,,,0.182
2024-09-01,2024,9,MSK,131509,17620.0,20602.0,,,0.0122
2024-09-01,2024,9,MSC,88856,17450.0,10064.0,,,0.2451
2024-09-01,2024,9,ONE,91264,12265.0,12416.0,,,0.0854
2024-09-01,2024,9,WHL,48737,7240.0,4828.0,,,0.3652
2024-09-01,2024,9,COSCO,97974,5823.0,13708.0,,,-0.3816
2024-09-01,2024,9,OOCL,43534,4422.0,6588.0,,,0.0832
2024-09-01,2024,9,RCL,20890,3300.0,4072.0,,,0.4654
2024-09-01,2024,9,SITC,29046,3729.0,4649.0,,,-0.0096
2024-09-01,2024,9,HAPAG,19522,3690.0,2926.0,,,0.4365
2024-09-01,2024,9,YML,22124,1783.0,1811.0,,,-0.0045
2024-09-01,2024,9,KMTC,19630,2645.0,2542.0,,,0.1497
2024-09-01,2024,9,OTHER,24635,583.0,1262.0,,,-0.3834
2024-09-01,2024,9,GSL,11034,1797.0,1677.0,,,0.4436
2024-09-01,2024,9,SSL,13275,1350.0,1256.0,,,-0.1248
2024-09-01,2024,9,PIL,17045,1599.0,1118.0,,,-0.3796
2024-09-01,2024,9,ANL,8410,907.0,0.0,,,0
2024-09-01,2024,9,HMM,10933,629.0,447.0,,,-0.5059
2024-09-01,2024,9,XCL,8211,561.0,714.0,,,-0.6249
2024-09-01,2024,9,MELL,804,234.0,380.0,,,1.3881
2024-09-01,2024,9,BEN,-,335.0,0.0,,,0
2024-09-01,2024,9,KRL,803,0.0,0.0,,,-0.9128
2024-10-01,2024,10,CMA,158.915,16788.0,20110.0,,,6.18%
2024-10-01,2024,10,MSK,134.265,17037.0,18379.0,,,17.74%
2024-10-01,2024,10,EMC,148.638,21121.0,16391.0,,,3.76%
2024-10-01,2024,10,ONE,97.534,13197.0,14248.0,,,26.96%
2024-10-01,2024,10,COSCO,103.014,12968.0,13208.0,,,8.75%
2024-10-01,2024,10,MSC,54.822,8613.0,13171.0,,,37.07%
2024-10-01,2024,10,OOCL,106.522,8066.0,7455.0,,,-35.55%
2024-10-01,2024,10,WHL,49.713,5220.0,4849.0,,,5.36%
2024-10-01,2024,10,SITC,24.778,3466.0,4413.0,,,37.54%
2024-10-01,2024,10,RCL,19.522,4161.0,4176.0,,,64.96%
2024-10-01,2024,10,HAPAG,32.194,3342.0,3370.0,,,-0.26%
2024-10-01,2024,10,GSL,21.837,2789.0,2755.0,,,16.12%
2024-10-01,2024,10,KMTC,24.871,2159.0,2346.0,,,-2.76%
2024-10-01,2024,10,YML,12.339,2107.0,2136.0,,,46.17%
2024-10-01,2024,10,SSL,27.905,868.0,1561.0,,,-42.33%
2024-10-01,2024,10,TSL,14.221,1681.0,1490.0,,,-6.48%
2024-10-01,2024,10,PIL,18.498,1197.0,1118.0,,,-36.37%
2024-10-01,2024,10,NSS,-,734.0,1035.0,,,0.00%
2024-10-01,2024,10,XCL,11.851,704.0,909.0,,,-48.48%
2024-10-01,2024,10,HMM,8.413,729.0,527.0,,,-54.72%
2024-10-01,2024,10,OTHER,850,220.0,505.0,,,151.76%
2024-10-01,2024,10,SWI,-,78.0,313.0,,,0.00%
2024-10-01,2024,10,MELL,2.129,0.0,303.0,,,-96.71%
2024-11-01,2024,11,CMA,176873,14999.0,10659.0,,,0.0388
2024-11-01,2024,11,EMC,148163,19199.0,7869.0,,,0.1965
2024-11-01,2024,11,MSK,163753,14268.0,16588.0,,,0.029
2024-11-01,2024,11,MSC,107820,11031.0,9174.0,,,0.2508
2024-11-01,2024,11,ONE,113352,13165.0,13635.0,,,0.1045
2024-11-01,2024,11,WHL,60705,6006.0,5559.0,,,0.3368
2024-11-01,2024,11,COSCO,113737,7039.0,12308.0,,,-0.3345
2024-11-01,2024,11,OOCL,55295,4766.0,6261.0,,,0.0334
2024-11-01,2024,11,RCL,28079,3448.0,4304.0,,,0.3365
2024-11-01,2024,11,HAPAG,19522,3221.0,3618.0,,,0.8146
2024-11-01,2024,11,SITC,35487,3199.0,3560.0,,,-0.005
2024-11-01,2024,11,KMTC,23985,2454.0,3067.0,,,0.1595
2024-11-01,2024,11,YML,27994,1640.0,2503.0,,,-0.0775
2024-11-01,2024,11,GSL,14432,1630.0,1910.0,,,0.3627
2024-11-01,2024,11,OTHER,31313,1016.0,181.0,,,-0.4478
2024-11-01,2024,11,SSL,15222,1469.0,1177.0,,,-0.0298
2024-11-01,2024,11,PIL,19854,1240.0,1116.0,,,-0.3447
2024-11-01,2024,11,ANL,-,954.0,1085.0,,,0
2024-11-01,2024,11,HMM,12592,380.0,295.0,,,-0.4849
2024-11-01,2024,11,XCL,8558,664.0,360.0,,,-0.4773
2024-11-01,2024,11,MELL,894,0.0,0.0,,,1.9228
2024-11-01,2024,11,BEN,-,170.0,0.0,,,0
2024-11-01,2024,11,KRL,1146,0.0,0.0,,,-0.9389
2024-12-01,2024,12,CMA,199067,19798.0,28113.0,,,0.0224
2024-12-01,2024,12,EMC,163326,16915.0,15813.0,,,0.189
2024-12-01,2024,12,MSK,179658,16844.0,23159.0,,,0.0317
2024-12-01,2024,12,MSC,115596,10401.0,10886.0,,,0.2566
2024-12-01,2024,12,ONE,124359,14424.0,2231.0,,,0.1227
2024-12-01,2024,12,WHL,68490,7483.0,4908.0,,,0.2941
2024-12-01,2024,12,COSCO,121343,7477.0,11781.0,,,-0.3146
2024-12-01,2024,12,OOCL,60927,5246.0,2969.0,,,0.024
2024-12-01,2024,12,RCL,31561,3644.0,1247.0,,,0.3045
2024-12-01,2024,12,HAPAG,28766,4600.0,0.0,,,0.3914
2024-12-01,2024,12,SITC,39109,3922.0,6553.0,,,0.0031
2024-12-01,2024,12,KMTC,26467,3104.0,2091.0,,,0.1681
2024-12-01,2024,12,YML,30386,1773.0,1099.0,,,-0.0918
2024-12-01,2024,12,GSL,16092,1847.0,2111.0,,,0.3369
2024-12-01,2024,12,OTHER,34782,1561.0,3332.0,,,-0.4429
2024-12-01,2024,12,SSL,15947,1812.0,24311.0,,,0.0397
2024-12-01,2024,12,PIL,20909,1353.0,0.0,,,-0.313
2024-12-01,2024,12,ANL,-,992.0,737.0,,,0
2024-12-01,2024,12,HMM,13160,640.0,0.0,,,-0.4585
2024-12-01,2024,12,XCL,9169,526.0,0.0,,,-0.4548
2024-12-01,2024,12,MELL,1034,0.0,0.0,,,1.9981
2024-12-01,2024,12,BEN,-,306.0,173.0,,,0
2024-12-01,2024,12,KRL,2258,0.0,0.0,,,-0.969
2025-01-01,2025,1,CMA,,,,24830.0,,0.345
2025-01-01,2025,1,EMC,,,,14121.0,,0.2209
2025-01-01,2025,1,MSC,,,,7862.0,,0.4311
2025-01-01,2025,1,ONE,,,,2198.0,,0.1858
2025-01-01,2025,1,MSK,,,,13403.0,,-0.0318
2025-01-01,2025,1,WHL,,,,6100.0,,0.1905
2025-01-01,2025,1,COSCO,,,,13059.0,,-0.1293
2025-01-01,2025,1,OOCL,,,,2710.0,,0.0084
2025-01-01,2025,1,RCL,,,,1257.0,,0.3211
2025-01-01,2025,1,SITC,,,,3938.0,,0.1417
2025-01-01,2025,1,HPL,,,,0.0,,0.0418
2025-01-01,2025,1,YML,,,,2189.0,,0.901
2025-01-01,2025,1,KMTC,,,,2672.0,,-0.184
2025-01-01,2025,1,GSL,,,,1146.0,,-0.3648
2025-01-01,2025,1,PIL,,,,0.0,,1.0345
2025-01-01,2025,1,SSL,,,,16612.0,,-0.047
2025-01-01,2025,1,HMM,,,,0.0,,0.3272
2025-01-01,2025,1,ANL,,,,437.0,,1.1883
2025-01-01,2025,1,XCL,,,,0.0,,0.5374
2025-01-01,2025,1,KRL,,,,0.0,,2.1709
2025-01-01,2025,1,KSL,,,,0.0,,0
2025-01-01,2025,1,MELL,,,,0.0,,0
2025-01-01,2025,1,OTHER,,,,2498.0,,0
2025-02-01,2025,2,CMA,,,,43125.0,,
2025-02-01,2025,2,EMC,,,,27834.0,,
2025-02-01,2025,2,MSC,,,,18609.0,,
2025-02-01,2025,2,ONE,,,,3915.0,,
2025-02-01,2025,2,MSK,,,,28755.0,,
2025-02-01,2025,2,WHL,,,,9396.0,,
2025-02-01,2025,2,COSCO,,,,22448.0,,
2025-02-01,2025,2,OOCL,,,,7122.0,,
2025-02-01,2025,2,RCL,,,,1257.0,,
2025-02-01,2025,2,SITC,,,,7272.0,,
2025-02-01,2025,2,HPL,,,,0.0,,
2025-02-01,2025,2,YML,,,,3411.0,,
2025-02-01,2025,2,KMTC,,,,4436.0,,
2025-02-01,2025,2,GSL,,,,2572.0,,
2025-02-01,2025,2,PIL,,,,0.0,,
2025-02-01,2025,2,SSL,,,,46959.0,,
2025-02-01,2025,2,HMM,,,,0.0,,
2025-02-01,2025,2,ANL,,,,1610.0,,
2025-02-01,2025,2,XCL,,,,0.0,,
2025-02-01,2025,2,KRL,,,,0.0,,
2025-02-01,2025,2,KSL,,,,0.0,,
2025-02-01,2025,2,MELL,,,,0.0,,
2025-02-01,2025,2,OTHER,,,,4471.0,,
2025-03-01,2025,3,CMA,,,,65124.0,,
2025-03-02,2025,3,SSL,,,,63449.0,,
2025-03-03,2025,3,MSK,,,,49466.0,,
2025-03-04,2025,3,EMC,,,,42968.0,,
2025-03-05,2025,3,MSC,,,,34247.0,,
2025-03-06,2025,3,COS,,,,31810.0,,
2025-03-07,2025,3,WHL,,,,16331.0,,
2025-03-08,2025,3,SIT,,,,11673.0,,
2025-03-09,2025,3,OOL,,,,10374.0,,
2025-03-10,2025,3,KMT,,,,6622.0,,
2025-03-11,2025,3,ONE,,,,6113.0,,
2025-03-12,2025,3,YML,,,,5665.0,,
2025-03-13,2025,3,GSL,,,,5485.0,,
2025-03-14,2025,3,NSS,,,,4304.0,,
2025-03-15,2025,3,ANL,,,,2527.0,,
2025-03-16,2025,3,TSL,,,,2448.0,,
2025-03-17,2025,3,RCL,,,,2067.0,,
2025-03-18,2025,3,LMA,,,,923.0,,
2025-03-19,2025,3,BEN,,,,496.0,,
2025-03-20,2025,3,HPL,,,,0.0,,
2025-03-21,2025,3,PIL,,,,0.0,,
2025-03-22,2025,3,KAL,,,,0.0,,
2025-03-23,2025,3,XCL,,,,0.0,,
2025-03-24,2025,3,KSL,,,,0.0,,
2025-03-25,2025,3,ACL,,,,0.0,,
2025-03-26,2025,3,ESL,,,,0.0,,
2025-04-02,2025,4,CMA,,,,86479.0,,
2025-04-03,2025,4,SSL,,,,83668.0,,
2025-04-04,2025,4,MSK,,,,68853.0,,
2025-04-05,2025,4,EMC,,,,55667.0,,
2025-04-06,2025,4,MSC,,,,46530.0,,
2025-04-07,2025,4,COS,,,,39926.0,,
2025-04-08,2025,4,WHL,,,,20470.0,,
2025-04-09,2025,4,SIT,,,,13341.0,,
2025-04-10,2025,4,OOL,,,,12852.0,,
2025-04-11,2025,4,ONE,,,,9040.0,,
2025-04-12,2025,4,KMT,,,,8578.0,,
2025-04-13,2025,4,GSL,,,,6939.0,,
2025-04-14,2025,4,YML,,,,6803.0,,
2025-04-15,2025,4,NSS,,,,5788.0,,
2025-04-16,2025,4,TSL,,,,3377.0,,
2025-04-17,2025,4,ANL,,,,3349.0,,
2025-04-18,2025,4,RCL,,,,2907.0,,
2025-04-19,2025,4,LMA,,,,1265.0,,
2025-04-20,2025,4,BEN,,,,788.0,,
2025-04-21,2025,4,HPL,,,,0.0,,
2025-04-22,2025,4,PIL,,,,0.0,,
2025-04-23,2025,4,KAL,,,,0.0,,
2025-04-24,2025,4,XCL,,,,0.0,,
2025-04-25,2025,4,KSL,,,,0.0,,
2025-04-26,2025,4,ACL,,,,0.0,,
2025-04-27,2025,4,ESL,,,,0.0,,
2025-05-04,2025,5,CMA,,,,98500.0,,
2025-05-05,2025,5,MSK,,,,78261.0,,
2025-05-06,2025,5,EMC,,,,73170.0,,
2025-05-07,2025,5,ONE,,,,69801.0,,
2025-05-08,2025,5,COSCO,,,,60170.0,,
2025-05-09,2025,5,MSC,,,,65811.0,,
2025-05-10,2025,5,OOCL,,,,31814.0,,
2025-05-11,2025,5,WHL,,,,28131.0,,
2025-05-12,2025,5,SITC,,,,20785.0,,
2025-05-13,2025,5,RCL,,,,15792.0,,
2025-05-14,2025,5,HAPAG,,,,15109.0,,
2025-05-15,2025,5,YML,,,,9488.0,,
2025-05-16,2025,5,KMTC,,,,9578.0,,
2025-05-17,2025,5,GSL,,,,7437.0,,
2025-05-18,2025,5,SSL,,,,6828.0,,
2025-05-19,2025,5,PIL,,,,6126.0,,
2025-05-20,2025,5,TSL,,,,7186.0,,
2025-05-21,2025,5,NSS,,,,5171.0,,
2025-05-22,2025,5,OTHERS,,,,3846.0,,
2025-05-23,2025,5,XCL,,,,3453.0,,
2025-05-24,2025,5,HMM,,,,2422.0,,
2025-05-25,2025,5,MELL,,,,696.0,,
2025-05-26,2025,5,SWI,,,,663.0,,
2025-05-27,2025,5,KRL,,,,0.0,,
2025-05-28,2025,5,BEN,,,,0.0,,
2025-05-29,2025,5,KSL,,,,0.0,,
2025-06-01,2025,6,CMA,,,,119165.0,,
2025-06-01,2025,6,MSK,,,,95879.0,,
2025-06-01,2025,6,EMC,,,,85261.0,,
2025-06-01,2025,6,ONE,,,,83035.0,,
2025-06-01,2025,6,COSCO,,,,71899.0,,
2025-06-01,2025,6,MSC,,,,82279.0,,
2025-06-01,2025,6,OOCL,,,,38056.0,,
2025-06-01,2025,6,WHL,,,,33664.0,,
2025-06-01,2025,6,SITC,,,,25339.0,,
2025-06-01,2025,6,RCL,,,,18116.0,,
2025-06-01,2025,6,HAPAG,,,,17978.0,,
2025-06-01,2025,6,YML,,,,11015.0,,
2025-06-01,2025,6,KMTC,,,,11229.0,,
2025-06-01,2025,6,GSL,,,,8323.0,,
2025-06-01,2025,6,SSL,,,,8150.0,,
2025-06-01,2025,6,PIL,,,,7332.0,,
2025-06-01,2025,6,TSL,,,,8758.0,,
2025-06-01,2025,6,NSS,,,,6402.0,,
2025-06-02,2025,6,OTHERS,,,,4873.0,,
2025-06-03,2025,6,XCL,,,,4258.0,,
2025-06-04,2025,6,HMM,,,,3015.0,,
2025-06-05,2025,6,MELL,,,,962.0,,
2025-06-06,2025,6,SWI,,,,958.0,,
2025-06-07,2025,6,KRL,,,,0.0,,
2025-06-08,2025,6,BEN,,,,0.0,,
2025-06-09,2025,6,KSL,,,,0.0,,
2025-07-01,2025,7,OOCL,,,,28403.0,,
2025-07-01,2025,7,RCL,,,,6304.0,,
2025-07-01,2025,7,SITC,,,,28252.0,,
2025-07-01,2025,7,HAPAG,,,,0.0,,
2025-07-01,2025,7,YML,,,,9223.0,,
2025-07-01,2025,7,KMTC,,,,13362.0,,
2025-07-01,2025,7,OTHER,,,,613902.0,,
2025-07-01,2025,7,GSL,,,,10818.0,,
2025-07-01,2025,7,SSL,,,,147788.0,,
2025-07-01,2025,7,PIL,,,,4109.0,,
2025-07-01,2025,7,ANL,,,,6010.0,,
2025-07-01,2025,7,HMM,,,,0.0,,
2025-07-01,2025,7,XCL,,,,1055.0,,
2025-07-01,2025,7,MELL,,,,0.0,,
2025-07-01,2025,7,KRL,,,,0.0,,
2025-07-01,2025,7,KSL,,,,0.0,,
2025-08-01,2025,8,CMA,,,,175722.0,,
2025-08-01,2025,8,EMC,,,,118712.0,,
2025-08-01,2025,8,MSK,,,,146874.0,,
2025-08-01,2025,8,MSC,,,,93584.0,,
2025-08-01,2025,8,ONE,,,,20448.0,,
2025-08-01,2025,8,WHL,,,,41015.0,,
2025-08-01,2025,8,COSCO,,,,71988.0,,
2025-08-01,2025,8,OOCL,,,,35929.0,,
2025-08-01,2025,8,RCL,,,,7278.0,,
2025-08-01,2025,8,SITC,,,,32300.0,,
2025-08-01,2025,8,HAPAG,,,,0.0,,
2025-08-01,2025,8,YML,,,,10341.0,,
2025-08-01,2025,8,KMTC,,,,15193.0,,
2025-08-01,2025,8,OTHER,,,,959929.0,,
2025-08-01,2025,8,GSL,,,,12265.0,,
2025-08-01,2025,8,SSL,,,,166221.0,,
2025-08-01,2025,8,PIL,,,,6056.0,,
2025-08-01,2025,8,ANL,,,,6657.0,,
2025-08-01,2025,8,HMM,,,,1590.0,,
2025-08-01,2025,8,XCL,,,,1055.0,,
2025-08-01,2025,8,MELL,,,,0.0,,
2025-08-01,2025,8,BEN,,,,2757.0,,
2025-08-01,2025,8,KRL,,,,0.0,,
2025-09-01,2025,9,CMA,,,,192255.0,,
2025-09-01,2025,9,EMC,,,,132377.0,,
2025-09-01,2025,9,MSK,,,,168954.0,,
2025-09-01,2025,9,MSC,,,,105144.0,,
2025-09-01,2025,9,ONE,,,,23077.0,,
2025-09-01,2025,9,WHL,,,,45695.0,,
2025-09-01,2025,9,COSCO,,,,81077.0,,
2025-09-01,2025,9,OOCL,,,,43695.0,,
2025-09-01,2025,9,RCL,,,,7278.0,,
2025-09-01,2025,9,SITC,,,,36517.0,,
2025-09-01,2025,9,HAPAG,,,,0.0,,
2025-09-01,2025,9,YML,,,,11521.0,,
2025-09-01,2025,9,KMTC,,,,17166.0,,
2025-09-01,2025,9,OTHER,,,,0.0,,
2025-09-01,2025,9,GSL,,,,15252.0,,
2025-09-01,2025,9,SSL,,,,182147.0,,
2025-09-01,2025,9,PIL,,,,10744.0,,
2025-09-01,2025,9,ANL,,,,8383.0,,
2025-09-01,2025,9,HMM,,,,3204.0,,
2025-09-01,2025,9,XCL,,,,3804.0,,
2025-09-01,2025,9,MELL,,,,0.0,,
2025-09-01,2025,9,BEN,,,,3152.0,,
2025-09-01,2025,9,KRL,,,,0.0,,
2025-10-01,2025,10,CMA,,,,201281.0,,
2025-10-01,2025,10,EMC,,,,149275.0,,
2025-10-01,2025,10,MSK,,,,169291.0,,
2025-10-01,2025,10,MSC,,,,144630.0,,
2025-10-01,2025,10,ONE,,,,144325.0,,
2025-10-01,2025,10,WHL,,,,49305.0,,
2025-10-01,2025,10,COSCO,,,,107188.0,,
2025-10-01,2025,10,OOCL,,,,66343.0,,
2025-10-01,2025,10,RCL,,,,28464.0,,
2025-10-01,2025,10,SITC,,,,42025.0,,
2025-10-01,2025,10,HAPAG,,,,29804.0,,
2025-10-01,2025,10,YML,,,,17516.0,,
2025-10-01,2025,10,KMTC,,,,17580.0,,
2025-10-01,2025,10,OTHER,,,,10182.0,,
2025-10-01,2025,10,GSL,,,,13395.0,,
2025-10-01,2025,10,SSL,,,,14520.0,,
2025-10-01,2025,10,PIL,,,,21139.0,,
2025-10-01,2025,10,ANL,,,,,,
2025-10-01,2025,10,HMM,,,,8505.0,,
2025-10-01,2025,10,XCL,,,,8521.0,,
2025-10-01,2025,10,MELL,,,,1286.0,,
2025-10-01,2025,10,BEN,,,,0.0,,
2025-10-01,2025,10,KRL,,,,0.0,,
2025-11-01,2025,11,CMA,,,,224321.0,,
2025-11-01,2025,11,EMC,,,,163599.0,,
2025-11-01,2025,11,MSK,,,,186203.0,,
2025-11-01,2025,11,MSC,,,,161433.0,,
2025-11-01,2025,11,ONE,,,,157628.0,,
2025-11-01,2025,11,WHL,,,,50854.0,,
2025-11-01,2025,11,COSCO,,,,112977.0,,
2025-11-01,2025,11,OOCL,,,,72554.0,,
2025-11-01,2025,11,RCL,,,,30945.0,,
2025-11-01,2025,11,HAPAG,,,,32870.0,,
2025-11-01,2025,11,SITC,,,,46291.0,,
2025-11-01,2025,11,KMTC,,,,18542.0,,
2025-11-01,2025,11,YML,,,,19323.0,,
2025-11-01,2025,11,GSL,,,,14590.0,,
2025-11-01,2025,11,OTHER,,,,14285.0,,
2025-11-01,2025,11,SSL,,,,16249.0,,
2025-11-01,2025,11,PIL,,,,25101.0,,
2025-11-01,2025,11,ANL,,,,,,
2025-11-01,2025,11,HMM,,,,9790.0,,
2025-11-01,2025,11,XCL,,,,9647.0,,
2025-11-01,2025,11,MELL,,,,1382.0,,
2025-11-01,2025,11,BEN,,,,0.0,,
2025-11-01,2025,11,KRL,,,,0.0,,
2025-12-01,2025,12,CMA,,,,20623.0,,
2025-12-01,2025,12,MSK,,,,16574.0,,
2025-12-01,2025,12,EMC,,,,17441.0,,
2025-12-01,2025,12,MSC,,,,16259.0,,
2025-12-01,2025,12,ONE,,,,13030.0,,
2025-12-01,2025,12,COSCO,,,,5216.0,,
2025-12-01,2025,12,OOCL,,,,7217.0,,
2025-12-01,2025,12,WHL,,,,1851.0,,
2025-12-01,2025,12,SITC,,,,4186.0,,
2025-12-01,2025,12,HAPAG,,,,3335.0,,
2025-12-01,2025,12,RCL,,,,3625.0,,
2025-12-01,2025,12,PIL,,,,4410.0,,
2025-12-01,2025,12,YML,,,,2017.0,,
2025-12-01,2025,12,KMTC,,,,1535.0,,
2025-12-01,2025,12,OTHERS,,,,5507.0,,
2025-12-01,2025,12,TSL,,,,1797.0,,
2025-12-01,2025,12,SSL,,,,1491.0,,
2025-12-01,2025,12,GSL,,,,1334.0,,
2025-12-01,2025,12,NSS,,,,1402.0,,
2025-12-01,2025,12,HMM,,,,1904.0,,
2025-12-01,2025,12,XCL,,,,981.0,,
2025-12-01,2025,12,SWI,,,,199.0,,
2025-12-01,2025,12,MELL,,,,82.0,,
2025-12-02,2025,12,KRL,,,,0.0,,
2026-01-01,2026,1,CMA,,,,,25049,0.1683
2026-01-02,2026,1,EMC,,,,,16841,0.1768
2026-01-03,2026,1,MSK,,,,,14918,0.0499
2026-01-04,2026,1,MSC,,,,,12944,0.4508
2026-01-05,2026,1,ONE,,,,,11806,-0.0993
2026-01-06,2026,1,COSCO,,,,,6690,-0.4347
2026-01-07,2026,1,OOCL,,,,,5575,-0.1427
2026-01-08,2026,1,PIL,,,,,3601,1.6793
2026-01-09,2026,1,HAPAG,,,,,2910,-0.0732
2026-01-10,2026,1,SITC,,,,,2799,-0.3406
2026-01-11,2026,1,WHL,,,,,2695,-0.5851
2026-01-12,2026,1,RCL,,,,,2615,-0.2345
2026-01-13,2026,1,YML,,,,,2143,-0.0046
2026-01-14,2026,1,SSL,,,,,1674,0.2373
2026-01-15,2026,1,KMTC,,,,,1537,-0.2787
2026-01-16,2026,1,TSL,,,,,1421,0
2026-01-17,2026,1,HMM,,,,,1175,1.7778
2026-01-18,2026,1,GSL,,,,,1082,-0.231
2026-01-19,2026,1,OTHERS,,,,,967,0.1077
2026-01-20,2026,1,XCL,,,,,856,0.4459
2026-01-21,2026,1,NSS,,,,,683,0
2026-01-22,2026,1,SWI,,,,,275,9.5769
2026-01-23,2026,1,MELL,,,,,130,-0.465
2026-01-24,2026,1,KRL,,,,,-,0
2026-01-25,2026,1,BEN,,,,,-,0
2026-01-26,2026,1,KSL,,,,,-,0
