DATE,YEAR,MONTH_CODE,MONTH,LOP,TEUS ,Boxes,BCH,BSH
2023-01-01,2023,1,January,SPI,548,548,"23,77","19,44"
2023-01-02,2023,1,January,TIL,4170,4170,"25,56","17,3"
2023-02-01,2023,2,February,TIL,4091,4091,25,16
2023-02-02,2023,2,February,SPI,180,180,24,12
2023-03-01,2023,3,March,TIL,6209,6209,28,18
2023-03-02,2023,3,March,SPI,923,923,21,14
2023-04-01,2023,4,April,TIL,4123,4123,26,19
2023-04-02,2023,4,April,SPI,0,0,0,0
2023-04-03,2023,4,April,TAS,393,393,21,14
2023-05-01,2023,5,May,TIL,2915,2915,25,19
2023-05-02,2023,5,May,SPI,0,0,0,0
2023-05-03,2023,5,May,TAS,727,727,20,21
2023-06-01,2023,6,June,TIL,2823,2823,29,26
2023-06-02,2023,6,June,SPI,2405,2405,28,24
2023-06-03,2023,6,June,TAS,256,256,26,16
2023-07-01,2023,7,July,TIL,677,677,29,61
2023-07-02,2023,7,July,SPI,979,979,18,39
2023-07-03,2023,7,July,TAS,0,0,0,0
2023-07-04,2023,7,July,MPN,628,628,32,66
2023-07-05,2023,7,July,ICON,180,180,38,11
2023-08-01,2023,8,August,TIL,3486,3486,28,19
2023-08-02,2023,8,August,SPI,2757,2757,19,21
2023-08-03,2023,8,August,TAS,175,175,30,29
2023-08-04,2023,8,August,MPN,513,513,27,22
2023-08-05,2023,8,August,ICON,846,846,26,20
2023-09-01,2023,9,September,TIL,2846,2846,27,21
2023-09-02,2023,9,September,SPI,3834,3834,17,16
2023-09-03,2023,9,September,ICON,1080,1080,22,19
2023-09-04,2023,9,September,TAS,0,0,0,0
2023-09-05,2023,9,September,MPN,0,0,0,0
2023-10-01,2023,10,October,TIL,2020,2020,26,19
2023-10-02,2023,10,October,SPI,5066,5066,21,18
2023-10-03,2023,10,October,ICON,0,0,0,0
2023-10-04,2023,10,October,TAS,0,0,0,0
2023-10-05,2023,10,October,MPN,212,212,23,16
2023-11-01,2023,11,November,TIL,3163,3163,26,17
2023-11-02,2023,11,November,SPI,4805,4805,20,19
2023-11-03,2023,11,November,MPN,993,993,24,30
2023-11-04,2023,11,November,ICON,0,0,0,0
2023-11-05,2023,11,November,TAS,0,0,0,0
2023-12-01,2023,12,December,TIL,3163,3163,26,17
2023-12-02,2023,12,December,SPI,4805,4805,20,19
2023-12-03,2023,12,December,MPN,993,993,24,30
2023-12-04,2023,12,December,ICON,0,0,0,0
2023-12-05,2023,12,December,TAS,0,0,0,0
2023-12-06,2023,12,December,PNJ,44,44,34,10
2024-01-01,2024,1,January,SPI,6047,6047,18,16
2024-01-02,2024,1,January,TIL,4012,4012,27,19
2024-01-03,2024,1,January,PNJ,65,65,27,12
2024-01-04,2024,1,January,MPN,0,0,0,0
2024-01-05,2024,1,January,ICON,0,0,0,0
2024-01-06,2024,1,January,TAS,0,0,0,0
2024-02-01,2024,2,February,SPI,3468,3468,17,21
2024-02-02,2024,2,February,TIL,4380,4380,26,21
2024-02-03,2024,2,February,PNJ,180,180,27,9
2024-02-04,2024,2,February,MPN,0,0,0,0
2024-02-05,2024,2,February,ICON,0,0,0,0
2024-02-06,2024,2,February,TAS,0,0,0,0
2024-03-01,2024,3,March,SPI,2440,2440,20,20
2024-03-01,2024,3,March,TIL,5601,5601,27,19
2024-03-01,2024,3,March,PNJ,154,154,26,11
2024-03-01,2024,3,March,MPN,54,54,27,15
2024-03-01,2024,3,March,ICON,399,399,23,15
2024-04-01,2024,4,April,TIL,2567,2567,28,22
2024-04-01,2024,4,April,SPI,582,582,21,15
2024-04-01,2024,4,April,ICON,198,198,22,16
2024-04-01,2024,4,April,MPN,361,361,21,16
2024-04-01,2024,4,April,PNJ,0,0,0,0
2024-04-01,2024,4,April,TAS,0,0,0,0
2024-05-01,2024,5,May,TIL,1934,1934,27,21
2024-05-01,2024,5,May,SPI,1800,1800,18,13
2024-05-01,2024,5,May,ICON,0,0,0,0
2024-05-01,2024,5,May,MPN,312,312,9,6
2024-05-01,2024,5,May,PNJ,0,0,0,0
2024-05-01,2024,5,May,TAS,-,-,-,-
2024-06-01,2024,6,June,TIL,3982,3982,29,23
2024-06-01,2024,6,June,SPI,2583,2583,21,14
2024-06-01,2024,6,June,MPN,1828,1828,48,54
2024-06-01,2024,6,June,ICON,0,0,0,0
2024-06-01,2024,6,June,PNJ,54,54,27,10
2024-06-01,2024,6,June,TAS,0,0,0,0
2024-07-01,2024,7,July,SPI,2069,2069,26,57
2024-07-02,2024,7,July,MPN,242,242,25,47
2024-07-03,2024,7,July,MAA,0,0,0,0
2024-07-04,2024,7,July,ICN,503,503,27,70
2024-07-05,2024,7,July,TAS,0,0,0,0
2024-07-06,2024,7,July,CTP,0,0,0,0
2024-07-07,2024,7,July,TIL,2443,2443,25,47
2024-07-08,2024,7,July,PNJ,85,85,25,62
2024-08-01,2024,8,August,SPI,915,915,19,11
2024-08-01,2024,8,August,MPN,0,0,0,0
2024-08-01,2024,8,August,MAA,0,0,0,0
2024-08-01,2024,8,August,ICN,0,0,0,0
2024-08-01,2024,8,August,TAS,0,0,0,0
2024-08-01,2024,8,August,CTP,0,0,0,0
2024-08-01,2024,8,August,TIL,4939,4939,26,19
2024-08-01,2024,8,August,PNJ,72,72,21,6
2024-09-01,2024,9,September,ICN,134,134,"16,85","20,05"
2024-09-01,2024,9,September,MPN,19,19,"27,91","1,08"
2024-09-01,2024,9,September,PNJ,61,61,"39,16","15,26"
2024-09-01,2024,9,September,SPI,711,711,"15,66","11,7"
2024-09-01,2024,9,September,TIL,4980,4980,"26,36","20,22"
2024-10-01,2024,10,October,SPI,711,711,16,12
2024-10-01,2024,10,October,TIL,4980,4980,26,20
2024-10-01,2024,10,October,MPN,19,19,28,1
2024-10-01,2024,10,October,ICN,134,134,17,20
2024-10-02,2024,10,October,PNJ,61,61,39,15
2024-11-01,2024,11,November,SPI,1067,1067,18,15
2024-11-01,2024,11,November,MPN,641,641,21,14
2024-11-01,2024,11,November,MAA,0,0,0,0
2024-11-01,2024,11,November,ICN,152,152,23,7
2024-11-01,2024,11,November,TIL,4401,4401,27,20
2024-11-01,2024,11,November,PNJ,0,0,0,0
2024-12-01,2024,12,December,TIL,47565,47565,27,22
2024-12-02,2024,12,December,SPI,23645,23645,20,18
2024-12-03,2024,12,December,MPN,3130,3130,22,15
2024-12-04,2024,12,December,MAA,1638,1638,21,39
2024-12-05,2024,12,December,ICN,1386,1386,22,26
2024-12-06,2024,12,December,PNJ,671,671,27,18
2024-12-07,2024,12,December,TAS,0,0,0,0
2024-12-08,2024,12,December,CTP,0,0,0,0
2025-01-01,2025,1,January,TIL,4397,4397,27,16
2025-01-02,2025,1,January,SPI,921,921,22,16
2025-01-03,2025,1,January,ICN,377,377,27,14
2025-01-04,2025,1,January,MPN,244,244,19,13
2025-01-05,2025,1,January,MAA,0,0,0,0
2025-01-06,2025,1,January,PNJ,0,0,0,0
2025-01-07,2025,1,January,TAS,0,0,0,0
2025-01-08,2025,1,January,CTP,0,0,0,0
2025-02-08,2025,2,February,TIL,9153,9153,26,18
2025-02-08,2025,2,February,SPI,2590,2590,22,15
2025-02-08,2025,2,February,ICN,1096,1096,25,16
2025-02-08,2025,2,February,MPN,817,817,18,13
2025-02-08,2025,2,February,MAA,0,0,0,0
2025-02-08,2025,2,February,PNJ,0,0,0,0
2025-02-08,2025,2,February,TAS,0,0,0,0
2025-02-08,2025,2,February,CTP,0,0,0,0
2025-03-08,2025,3,March,TIL,13621,13621,26,18
2025-03-08,2025,3,March,SPI,3112,3112,20,13
2025-03-08,2025,3,March,ICN,1333,1333,23,15
2025-03-08,2025,3,March,MPN,1202,1202,17,12
2025-03-08,2025,3,March,PNJ,178,178,18,12
2025-03-08,2025,3,March,MAA,-,-,-,-
2025-03-08,2025,3,March,TAS,-,-,-,-
2025-03-08,2025,3,March,CTP,-,-,-,-
2025-04-08,2025,4,April,TIL,16903,16903,27,18
2025-04-08,2025,4,April,SPI,3112,3112,20,13
2025-04-08,2025,4,April,ICN,1333,1333,23,15
2025-04-08,2025,4,April,MPN,2094,2094,19,15
2025-04-08,2025,4,April,PNJ,178,178,18,12
2025-04-08,2025,4,April,MAA,-,-,-,-
2025-04-08,2025,4,April,TAS,-,-,-,-
2025-04-08,2025,4,April,CTP,-,-,-,-
2025-05-08,2025,5,May,TIL,22129,22129,26,18
2025-05-09,2025,5,May,SPI,3545,3545,21,15
2025-05-10,2025,5,May,MPN,2404,2404,18,14
2025-05-11,2025,5,May,ICN,1333,1333,23,15
2025-05-12,2025,5,May,PNJ,178,178,18,12
2025-05-13,2025,5,May,MAA,-,-,-,-
2025-05-14,2025,5,May,TAS,-,-,-,-
2025-05-15,2025,5,May,CTP,-,-,-,-
2025-06-16,2025,6,June,TIL,27676,27676,26,18
2025-06-16,2025,6,June,SPI,3650,3650,20,14
2025-06-16,2025,6,June,MPN,2404,2404,18,14
2025-06-16,2025,6,June,ICN,1333,1333,23,15
2025-06-17,2025,6,June,PNJ,178,178,18,12
2025-06-18,2025,6,June,MAA,-,-,-,-
2025-06-19,2025,6,June,TAS,-,-,-,-
2025-06-20,2025,6,June,CTP,-,-,-,-
2025-07-01,2025,7,July,TIL,33129,33129,27,19
2025-07-02,2025,7,July,SPI,3650,3650,20,14
2025-07-03,2025,7,July,MPN,3405,3405,18,15
2025-07-04,2025,7,July,ICN,1333,1333,23,15
2025-07-05,2025,7,July,PNJ,178,178,18,12
2025-07-06,2025,7,July,MAA,-,-,-,-
2025-07-07,2025,7,July,TAS,-,-,-,-
2025-07-08,2025,7,July,CTP,-,-,-,-
2025-08-01,2025,8,August,TIL,36676,36676,26,18
2025-08-02,2025,8,August,SPI,3650,3650,20,14
2025-08-03,2025,8,August,MPN,3654,3654,18,14
2025-08-04,2025,8,August,ICN,1333,1333,23,15
2025-08-05,2025,8,August,PNJ,236,236,21,13
2025-08-06,2025,8,August,MAA,-,-,-,-
2025-08-07,2025,8,August,TAS,-,-,-,-
2025-08-08,2025,8,August,CTP,-,-,-,-
2025-09-09,2025,9,September,TIL,39923,39923,27,19
2025-09-09,2025,9,September,SPI,3872,3872,19,13
2025-09-09,2025,9,September,MPN,4570,4570,18,15
2025-09-09,2025,9,September,ICN,1333,1333,23,15
2025-09-09,2025,9,September,PNJ,236,236,21,13
2025-09-09,2025,9,September,MAA,-,-,-,-
2025-09-09,2025,9,September,TAS,-,-,-,-
2025-09-09,2025,9,September,CTP,-,-,-,-
2025-10-09,2025,10,October,TIL,44618,44618,27,19
2025-10-10,2025,10,October,SPI,5132,5132,18,15
2025-10-11,2025,10,October,MPN,3872,3872,19,13
2025-10-12,2025,10,October,ICN,1333,1333,23,15
2025-10-13,2025,10,October,PNJ,236,236,21,13
2025-10-14,2025,10,October,MAA,-,-,-,-
2025-10-15,2025,10,October,TAS,-,-,-,-
2025-10-16,2025,10,October,CTP,-,-,-,-
2025-11-01,2025,11,November,TIL,49863,49863,27,18
2025-11-01,2025,11,November,SPI,5790,5790,18,14
2025-11-01,2025,11,November,MPN,5121,5121,20,14
2025-11-01,2025,11,November,ICN,1535,1535,22,15
2025-11-01,2025,11,November,PNJ,236,236,21,13
2025-11-01,2025,11,November,MAA,-,-,-,-
2025-11-01,2025,11,November,TAS,-,-,-,-
2025-11-01,2025,11,November,CTP,-,-,-,-
