TAHUN,MONTH,DESCRIPTION,UNIT,2022 ACTUAL,2022 BUDGET,2022 ACTUAL VS 2022 BUDGET,2023 ACTUAL,2023 BUDGET,2023 ACTUAL VS 2023 BUDGET,2024 ACTUAL ,2024 BUDGET,2024 ACTUAL VS 2024 ACTUAL BUDGET,2025 ACTUAL,2025 BUDGET,2025 ACTUAL VS 2025 BUDGET,2026 ACTUAL,2026 BUDGET,2026 ACTUAL VS 2026 BUDGET
2022-01-01,1,Kumulatif International,TEUs,95784,96409,-0.0065,98611,104854,-0.0595,119547.0,105043.0,0.1381,114919,111747,0.028385549500210328,110561.0,116604.0,-0.0518
2022-02-01,1,International,TEUs,95784,96409,-0.0065,98611,104854,-0.0595,119547.0,105043.0,0.1381,114919,111747,0.028385549500210328,7309.0,7196.0,0.0157
2022-03-01,1,Kumulatif Domestic,TEUs,6924,8229,-0.1586,4717,7774,-0.3932,10116.0,5741.0,0.7621,5938,7196,-0.17481934408004451,,,
2022-04-01,1,Domestic,TEUs,6924,8229,-0.1586,4717,7774,-0.3932,10116.0,5741.0,0.7621,5938,7196,-0.17481934408004451,,,
2022-05-01,2,Kumulatif International,TEUs,212051,210756,0.006144546299986731,195430,207224,-0.05691425703586461,234797.0,197969.0,0.18602912577221686,232679,228099,0.020079000784746892,,,
2022-06-01,2,International,TEUs,116267,114347,0.0168,96819,102370,-0.0542,115250.0,92926.0,0.2402,117761,116352,0.012109804730473073,,,
2022-07-01,2,Kumulatif Domestic,TEUs,14192,17028,-0.16654921306084092,8988,16089,-0.44135744918888686,18144.0,10820.0,0.6768946395563771,13651,14329,-0.04731663060925395,,,
2022-08-01,2,Domestic,TEUs,7268,8799,-0.174,4271,8315,-0.4863,8028.0,5079.0,0.5806,7713,7133,0.08131221085097429,,,
2022-09-01,3,Kumulatif International,TEUs,311260,337015,0.08274432949945387,311660,314431,0.008891099274850767,359917.0,298292.0,-0.17122003128499075,361052,353507,0.021343283159880766,,,
2022-10-01,3,International,TEUs,99209,126259,-0.2142,116230,107207,0.0842,125120.0,100323.0,0.2472,128373,125408,0.023642829803521392,,,
2022-11-01,3,Kumulatif Domestic,TEUs,21013,27067,0.28810736210917054,16478,25574,0.5520087389246269,26791.0,16008.0,-0.4024859094472024,19437,23176,-0.16133068691750085,,,
2022-12-01,3,Domestic,TEUs,6821,10039,-0.3205,7490,9485,-0.2104,8647.0,5188.0,0.6667,5786,8847,-0.3459929919746807,,,
,4,Kumulatif International,TEUs,416779,460293,-0.09453543721064628,413882,418762,-0.011653397395179121,360018.59,298395.179,0.2065161079562885,476008,474617,0.0029307841901997644,,,
,4,International,TEUs,105519,123278,-0.1441,102222,104331,-0.0202,101.59,103.179,-0.0154,114955,121110,-0.05082156717034103,,,
,4,Kumulatif Domestic,TEUs,28139,35160,-0.19968714448236635,20994,33223,-0.36808837251301807,26794.697,16013.639,0.6732422280782027,22719,30373,-0.2520001316959142,,,
,4,Domestic,TEUs,7126,8093,-0.1195,4516,7649,-0.0202,3.697,5.639,-0.3444,3282,7197,-0.5439766569403919,,,
,5,Kumulatif International,TEUs,516117,567857,-0.09111448833068891,535443,527669,0.014732720701803537,492047.59,409164.179,0.20256761284081026,603880,603249,0.0010460025627891945,,,
,5,International,TEUs,99338,107564,-0.0765,121561,108907,0.1162,132029.0,110769.0,0.1919,127873,128632,-0.005900553517009799,,,
,5,Kumulatif Domestic,TEUs,35138,40384,-0.12990293185419965,24636,38158,-0.354368677603648,30839.697,22067.639,0.3975077714475934,28687,36951,-0.22364753321966924,,,
,5,Domestic,TEUs,6999,5224,0.3398,3642,4935,-0.262,4045.0,6054.0,-0.3318,5968,6578,-0.09273335360291879,,,
,6,Kumulatif International,TEUs,625946,684397,-0.08540510843852323,644771,636706,0.012666756713459515,612060.5900000001,521531.179,0.17358389036986055,734179,730806,0.004615451980416241,,,
,6,International,TEUs,109829,116540,-0.0576,109328,109037,0.0027,120013.0,112367.0,0.068,130299,127557,0.0214962722547567,,,
,6,Kumulatif Domestic,TEUs,42298,45604,-0.07249364090869226,30120,43089,-0.3009816890621736,37643.697,28208.639,0.33447405952481435,34339,44767,-0.2329394419996873,,,
,6,Domestic,TEUs,7160,5220,0.3716,5484,4931,0.1121,6804.0,6141.0,0.108,5652,7816,-0.2768679631525077,,,
,7,Kumulatif International,TEUs,732329,792537,-0.0759686929443042,774871,746136,0.038511745847942036,740980.5900000001,635496.179,0.16598748267218144,867888,866806,0.0012482608565238529,,,
,7,International,TEUs,106383,108140,-0.0162,130100,109430,0.1889,128920.0,113965.0,0.1312,133709,136000,-0.01684558823529414,,,
,7,Kumulatif Domestic,TEUs,47798,51820,-0.07761482053261293,32584,48963,-0.33451790127238934,42981.697,34436.638999999996,0.24813855963121156,40248,49690,-0.19001811229623666,,,
,7,Domestic,TEUs,5500,6216,-0.1152,2464,5874,-0.5805,5338.0,6228.0,-0.1429,5909,4923,0.2002843794434288,,,
,8,Kumulatif International,TEUs,857743,913249,-0.060778604739780695,889888,855958,0.03963979541052254,876727.5900000001,751059.179,0.16732158332359592,988526,1005108,-0.016497729597217403,,,
,8,International,TEUs,125414,120712,0.039,115017,109822,0.0473,135747.0,115563.0,0.1747,120637,138302,-0.12772772628016948,,,
,8,Kumulatif Domestic,TEUs,54527,57474,-0.051275359292897615,40315,54307,-0.2576463439335629,48905.697,40752.638999999996,0.20006208677676085,44098,58629,-0.24784662880144637,,,
,8,Domestic,TEUs,6729,5654,0.1901,7731,5344,0.4467,5924.0,6316.0,-0.0621,3850,8939,-0.5693030540328896,,,
,9,Kumulatif International,TEUs,955694,1018528,-0.06169098934933548,1009618,967989,0.043005653989869774,1007075.5900000001,868220.179,0.15993110314474746,1115827,1130209,-0.012725080051565696,,,
,9,International,TEUs,97951,105279,-0.0696,119730,112031,0.0687,130348.0,117161.0,0.1126,127302,125101,0.017593784222348363,,,
,9,Kumulatif Domestic,TEUs,58974,64904,-0.0913657093553556,47970,61330,-0.21783792597423768,54787.697,47155.638999999996,0.1618482574268585,47883,66110,-0.2757071547420965,,,
,9,Domestic,TEUs,4447,7430,-0.4015,7655,7023,0.09,5882.0,6403.0,-0.0814,3785,7481,-0.49405159738002946,,,
,10,Kumulatif International,TEUs,1069456,1137223,-0.05958989573724771,1138338,1080949,0.05309131143097412,1144012.59,987644.179,0.1583246419356461,1253933,1269586,-0.012329215980642516,,,
,10,International,TEUs,113762,118695,-0.0416,128720,112960,0.1395,136937.0,119424.0,0.1466,138106,139377,-0.009119151653429136,,,
,10,Kumulatif Domestic,TEUs,62749,73144,-0.14211692004812426,55251,69116,-0.20060478036923435,61043.697,53682.638999999996,0.13712176109673013,53140,72945,-0.27150592912468297,,,
,10,Domestic,TEUs,3775,8240,-0.5419,7281,7786,-0.0649,6256.0,6527.0,-0.0415,5257,6835,-0.23087051938551573,,,
,11,Kumulatif International,TEUs,1177617,1252475,-0.059768059242699456,1251167,1194431,0.04750044163287792,1265717.59,1108666.179,0.14165797962887083,1379296,1396683,-0.012448780431923323,,,
,11,International,TEUs,108161,115252,-0.0615,112829,113482,-0.0058,121705.0,121022.0,0.0056,125364,127097,-0.01363525496274498,,,
,11,Kumulatif Domestic,TEUs,67740,80241,-0.15579317306613827,63824,75823,-0.1582501351832557,66054.697,60296.638999999996,0.09549550514747596,60494,81330,-0.25619082749293,,,
,11,Domestic,TEUs,4991,7097,-0.2967,8573,6707,-0.0058,5011.0,6614.0,-0.2424,7354,8385,-0.12295766249254625,,,
,12,Kumulatif International,TEUs,1293496,1373153,-0.058010287273158934,1375929,1307402,0.05241463604920282,1508743.0,1336985.0,0.12846666192964018,1509592,1534984,-0.01654219197073059,,,
,12,International,TEUs,115879,120678,-0.0398,124762,112971,0.1044,141540.0,125243.0,0.130123040808668,130295,83315,0.5638840544919883,,,
,12,Kumulatif Domestic,TEUs,183619,200919,-0.08610435050940923,73714,83451,-0.11667924890055237,76031.0,72774.0,0.04475499491576662,68265,90506,-0.24574061388195256,,,
,12,Domestic,TEUs,115879,120678,-0.0398,9890,7628,0.2965,6283.0,6844.0,-0.08196960841613088,7771,9176,-0.15311682650392333,,,
