DATE,YEAR,MONTH,LOP,TEUS ,BOX,DPP,BCH,BSH
2023-01-01,2023,1,SPI,548,477,227765975,23.77,19.44
2023-01-02,2023,1,TIL,4170,3762,2113335293,25.56,17.3
2023-02-01,2023,2,TIL,4091,3729,1931500188,25,16
2023-02-02,2023,2,SPI,180,168,96700294,24,12
2023-03-01,2023,3,TIL,6209,5468,2773457701,28,18
2023-03-02,2023,3,SPI,923,860,622549497,21,14
2023-04-01,2023,4,TIL,4123,3647,1887616843,26,19
2023-04-02,2023,4,SPI,0,0,0,0,0
2023-04-03,2023,4,TAS,393,329,249286874,21,14
2023-05-01,2023,5,TIL,2915,2639,1686764192,25,19
2023-05-02,2023,5,SPI,0,0,0,0,0
2023-05-03,2023,5,TAS,727,567,371938289,20,21
2023-06-01,2023,6,TIL,2823,2574,1014365003,29,26
2023-06-02,2023,6,SPI,2405,2173,1315460992,28,24
2023-06-03,2023,6,TAS,256,221,155985985,26,16
2023-07-01,2023,7,TIL,677,617,208359145,29,61
2023-07-02,2023,7,SPI,979,859,542915942,18,39
2023-07-03,2023,7,TAS,0,0,0,0,0
2023-07-04,2023,7,MPN,628,528,257273561,32,66
2023-07-05,2023,7,ICON,180,168,67124744,38,11
2023-08-01,2023,8,TIL,3486,3105,1305480588,28,19
2023-08-02,2023,8,SPI,2757,2409,1935179401,19,21
2023-08-03,2023,8,TAS,175,169,82610509,30,29
2023-08-04,2023,8,MPN,513,423,248599159,27,22
2023-08-05,2023,8,ICON,846,783,480683844,26,20
2023-09-01,2023,9,TIL,2846,2553,1313037649,27,21
2023-09-02,2023,9,SPI,3834,3445,2913346073,17,16
2023-09-03,2023,9,ICON,1080,965,643648667,22,19
2023-09-04,2023,9,TAS,0,0,0,0,0
2023-09-05,2023,9,MPN,0,0,0,0,0
2023-10-01,2023,10,TIL,2020,1813,851045945,26,19
2023-10-02,2023,10,SPI,5066,4598,3420495438,21,18
2023-10-03,2023,10,ICON,0,0,0,0,0
2023-10-04,2023,10,TAS,0,0,0,0,0
2023-10-05,2023,10,MPN,212,200,100168835,23,16
2023-11-01,2023,11,TIL,3163,2790,1320080632,26,17
2023-11-02,2023,11,SPI,4805,4249,3241623943,20,19
2023-11-03,2023,11,MPN,993,712,756498176,24,30
2023-11-04,2023,11,ICON,0,0,0,0,0
2023-11-05,2023,11,TAS,0,0,0,0,0
2023-12-01,2023,12,TIL,3163,2790,1320080632,26,17
2023-12-02,2023,12,SPI,4805,4249,3241623943,20,19
2023-12-03,2023,12,MPN,993,712,756498176,24,30
2023-12-04,2023,12,ICON,0,0,0,0,0
2023-12-05,2023,12,TAS,0,0,0,0,0
2023-12-06,2023,12,PNJ,44,41,24651037,34,10
2024-01-01,2024,1,SPI,6047,5325,3742267747,18,16
2024-01-02,2024,1,TIL,4012,3626,1746070892,27,19
2024-01-03,2024,1,PNJ,65,61,37408278,27,12
2024-01-04,2024,1,MPN,0,0,0,0,0
2024-01-05,2024,1,ICON,0,0,0,0,0
2024-01-06,2024,1,TAS,0,0,0,0,0
2024-02-01,2024,2,SPI,3468,3091,2370594771,17,21
2024-02-02,2024,2,TIL,4380,3989,2094177201,26,21
2024-02-03,2024,2,PNJ,180,170,101807721,27,9
2024-02-04,2024,2,MPN,0,0,0,0,0
2024-02-05,2024,2,ICON,0,0,0,0,0
2024-02-06,2024,2,TAS,0,0,0,0,0
2024-03-01,2024,3,SPI,2440,2238,1399863070,20,20
2024-03-01,2024,3,TIL,5601,4976,2613464333,27,19
2024-03-01,2024,3,PNJ,154,141,85056263,26,11
2024-03-01,2024,3,MPN,54,35,25079941,27,15
2024-03-01,2024,3,ICON,399,338,123224051,23,15
2024-04-01,2024,4,TIL,2567,2326,930689145,28,22
2024-04-01,2024,4,SPI,582,555,283417055,21,15
2024-04-01,2024,4,ICON,198,164,56644725,22,16
2024-04-01,2024,4,MPN,361,316,179329420,21,16
2024-04-01,2024,4,PNJ,0,0,0,0,0
2024-04-01,2024,4,TAS,0,0,0,0,0
2024-05-01,2024,5,TIL,1934,1710,609150572,27,21
2024-05-01,2024,5,SPI,1800,1687,754626752,18,13
2024-05-01,2024,5,ICON,0,0,0,0,0
2024-05-01,2024,5,MPN,312,285,170356421,9,6
2024-05-01,2024,5,PNJ,0,0,0,0,0
2024-05-01,2024,5,TAS,-,-,Rp-,-,-
2024-06-01,2024,6,TIL,3982,3642,1864907539,29,23
2024-06-01,2024,6,SPI,2583,2352,1394637184,21,14
2024-06-01,2024,6,MPN,1828,1016,1753069425,48,54
2024-06-01,2024,6,ICON,0,0,0,0,0
2024-06-01,2024,6,PNJ,54,46,29756500,27,10
2024-06-01,2024,6,TAS,0,0,0,0,0
2024-07-01,2024,7,SPI,2069,1918,1234651848,26,57
2024-07-02,2024,7,MPN,242,232,84771495,25,47
2024-07-03,2024,7,MAA,0,0,0,0,0
2024-07-04,2024,7,ICN,503,398,186379965,27,70
2024-07-05,2024,7,TAS,0,0,0,0,0
2024-07-06,2024,7,CTP,0,0,0,0,0
2024-07-07,2024,7,TIL,2443,2191,1230082968,25,47
2024-07-08,2024,7,PNJ,85,83,48464152,25,62
2024-08-01,2024,8,SPI,915,868,462457782,19,11
2024-08-01,2024,8,MPN,0,0,0,0,0
2024-08-01,2024,8,MAA,0,0,0,0,0
2024-08-01,2024,8,ICN,0,0,0,0,0
2024-08-01,2024,8,TAS,0,0,0,0,0
2024-08-01,2024,8,CTP,0,0,0,0,0
2024-08-01,2024,8,TIL,4939,4408,2289185647,26,19
2024-08-01,2024,8,PNJ,72,64,41750612,21,6
2024-09-01,2024,9,ICN,134,100,41787020,16.85,20.05
2024-09-01,2024,9,MPN,19,12,8480494,27.91,1.08
2024-09-01,2024,9,PNJ,61,56,32059377,39.16,15.26
2024-09-01,2024,9,SPI,711,624,324916395,15.66,11.7
2024-09-01,2024,9,TIL,4980,4458,2289820635,26.36,20.22
2024-10-01,2024,10,SPI,711,624,324916395,16,12
2024-10-01,2024,10,TIL,4980,4458,2289820635,26,20
2024-10-01,2024,10,MPN,19,12,8480494,28,1
2024-10-01,2024,10,ICN,134,100,41787020,17,20
2024-10-02,2024,10,PNJ,61,56,32059377,39,15
2024-11-01,2024,11,SPI,1067,836,385967359,18,15
2024-11-01,2024,11,MPN,641,516,259250047,21,14
2024-11-01,2024,11,MAA,0,0,0,0,0
2024-11-01,2024,11,ICN,152,132,48093290,23,7
2024-11-01,2024,11,TIL,4401,3941,1979038105,27,20
2024-11-01,2024,11,PNJ,0,0,0,0,0
2024-12-01,2024,12,TIL,47565,42760,21515092429,27,22
2024-12-02,2024,12,SPI,23645,21183,13111255684,20,18
2024-12-03,2024,12,MPN,3130,2642,1471449624,22,15
2024-12-04,2024,12,MAA,1638,851,1657678972,21,39
2024-12-05,2024,12,ICN,1386,1132,456129051,22,26
2024-12-06,2024,12,PNJ,671,621,376302903,27,18
2024-12-07,2024,12,TAS,0,0,0,0,0
2024-12-08,2024,12,CTP,0,0,0,0,0
2025-01-01,2025,1,TIL,4397,3905,2091200473,27,16
2025-01-02,2025,1,SPI,921,851,330250895,22,16
2025-01-03,2025,1,ICN,377,321,125732785,27,14
2025-01-04,2025,1,MPN,244,166,63754467,19,13
2025-01-05,2025,1,MAA,0,0,0,0,0
2025-01-06,2025,1,PNJ,0,0,0,0,0
2025-01-07,2025,1,TAS,0,0,0,0,0
2025-01-08,2025,1,CTP,0,0,0,0,0
2025-02-08,2025,2,TIL,9153,8219,4444586002,26,18
2025-02-08,2025,2,SPI,2590,2256,1065940316,22,15
2025-02-08,2025,2,ICN,1096,916,329242850,25,16
2025-02-08,2025,2,MPN,817,660,500436765,18,13
2025-02-08,2025,2,MAA,0,0,0,0,0
2025-02-08,2025,2,PNJ,0,0,0,0,0
2025-02-08,2025,2,TAS,0,0,0,0,0
2025-02-08,2025,2,CTP,0,0,0,0,0
