DATE,YEAR,MONTH,LOP,TEUS,BOX,DPP,BCH,BSH,AVERAGE CD,TEUS 2023,BOX 2023,DPP 2023,BCH 2023,BSH 2023,AVERAGE CD 2023
2023-01-01 00:00:00,2023,1,EMC,14609.0,9643,16341982320,28.8,48.32,0,14609.0,9643.0,Rp. 16.341.982.320,29.0,48.0,0.0
2023-01-02 00:00:00,2023,1,SSL,14466.0,9926,16655410181,36.4,83.92,8,14592.0,9622.0,16571826414,29.0,59.0,8.0
2023-01-03 00:00:00,2023,1,CNC,11401.0,7403,12972661683,31.5,54.21,2,14466.0,9926.0,Rp. 16.655.410.181,36.0,84.0,2.0
2023-01-04 00:00:00,2023,1,MSC,11061.0,7657,13168083042,29,52.13,4,11061.0,7657.0,Rp. 13.168.083.042,29.0,52.0,4.0
2023-01-05 00:00:00,2023,1,MSK,9145.0,5700,10435664983,28.8,74.83,3,9145.0,5700.0,Rp. 10.435.664.983,29.0,75.0,3.0
2023-01-06 00:00:00,2023,1,COS,8393.0,5678,9725904427,32.7,68.11,4,8393.0,5678.0,Rp. 9.725.904.427,33.0,68.0,4.0
2023-01-07 00:00:00,2023,1,WHL,7155.0,4721,8407390538,26.5,42.46,4,7155.0,4721.0,Rp. 8.407.390.538,26.0,42.0,4.0
2023-01-08 00:00:00,2023,1,PIL,5757.0,3893,6714230932,31,57.22,2,5757.0,3893.0,Rp. 6.714.230.932,31.0,57.0,2.0
2023-01-09 00:00:00,2023,1,RCL,3889.0,2691,4541270822,23.9,42.06,2,3889.0,2691.0,Rp. 4.541.270.822,24.0,42.0,2.0
2023-01-10 00:00:00,2023,1,SIT,3208.0,2210,3936766752,24,30.29,3,3208.0,2210.0,Rp. 3.936.766.752,24.0,30.0,3.0
2023-01-11 00:00:00,2023,1,CMA,3191.0,2219,3599164731,26.9,63.15,2,2132.0,1400.0,Rp. 2.349.174.700,27.0,45.0,2.0
2023-01-12 00:00:00,2023,1,YML,2132.0,1400,2349174700,27.3,45.25,2,1305.0,909.0,Rp. 1.552.933.479,33.0,50.0,2.0
2023-01-13 00:00:00,2023,1,KMT,1305.0,909,1552933479,33,49.57,0,1210.0,802.0,Rp. 1.326.466.739,34.0,61.0,0.0
2023-01-14 00:00:00,2023,1,GSL,1210.0,802,1326466739,34.2,60.8,3,975.0,690.0,Rp. 1.125.059.378,35.0,73.0,3.0
2023-01-15 00:00:00,2023,1,OOL,975.0,690,1125059378,34.6,72.74,2,911.0,643.0,Rp. 1.087.991.525,25.0,49.0,2.0
2023-01-15 00:00:00,2023,1,ONE,911.0,643,1087991525,25.1,48.71,,,,,,,
2023-02-01 00:00:00,2023,2,MSK,13960.0,8933,15836582394,32,67.57,3,27386.0,18296.0,31112551732,35.0,83.0,3.0
2023-02-02 00:00:00,2023,2,SSL,12920.0,8370,14457141551,33.7,81.39,7,27012.0,17854.0,30458217308,31.0,60.0,7.0
2023-02-03 00:00:00,2023,2,EMC,12126.0,8386,13294331286,32.8,56.29,10,26735.0,18029.0,29636313605,31.0,52.0,10.0
2023-02-04 00:00:00,2023,2,COS,10441.0,6975,11775696904,31,64.34,2,23105.0,14633.0,26272247377,30.0,71.0,2.0
2023-02-05 00:00:00,2023,2,CNC,10031.0,6554,11236123104,28.8,45.8,4,19461.0,13607.0,23177294547,29.0,49.0,4.0
2023-02-06 00:00:00,2023,2,MSC,8400.0,5950,10009211505,29.1,45.78,4,18834.0,12653.0,21501601331,32.0,66.0,4.0
2023-02-07 00:00:00,2023,2,WHL,7406.0,4639,8221317255,24.4,39.45,3,14561.0,9360.0,16628707793,25.0,41.0,3.0
2023-02-08 00:00:00,2023,2,RCL,6379.0,4462,7159027892,23,44.07,2,10268.0,7153.0,11700298714,23.0,43.0,2.0
2023-02-09 00:00:00,2023,2,OOL,2465.0,1627,2745250265,27.3,51.77,2,7476.0,5187.0,8721350865,31.0,48.0,2.0
2023-02-10 00:00:00,2023,2,KMT,2410.0,1778,2897676897,23.6,38.54,3,5540.0,3866.0,6761959104,24.0,27.0,3.0
2023-02-11 00:00:00,2023,2,CMA,2389.0,1678,2650267790,36.1,77.54,2,3715.0,2687.0,4450610376,28.0,44.0,2.0
2023-02-12 00:00:00,2023,2,SIT,2332.0,1656,2825192352,23.1,24.6,2,3440.0,2317.0,3870309643,31.0,62.0,2.0
2023-02-13 00:00:00,2023,2,PIL,1719.0,1294,2007119933,30.1,39.33,2,3379.0,2213.0,3674340866,28.0,51.0,2.0
2023-02-14 00:00:00,2023,2,YML,1247.0,813,1325166166,28.9,55.87,2,2442.0,1682.0,2696678550,36.0,61.0,2.0
2023-02-15 00:00:00,2023,2,GSL,1232.0,880,1370211811,38.6,61.9,1,1880.0,1268.0,2233873084,24.0,39.0,1.0
2023-02-16 00:00:00,2023,2,ONE,969.0,625,1145881559,22.8,30.15,2,375.0,234.0,507911226,19.0,10.0,2.0
2023-03-01 00:00:00,2023,3,EMC,17470.0,11339,19012500455,29.2,52.87,10,46805.0,31037.0,53117404547,29.0,58.0,10.0
2023-03-02 00:00:00,2023,3,CNC,16398.0,10695,18888831629,27.3,57.06,8,44205.0,29368.0,48648814060,30.0,52.0,8.0
2023-03-03 00:00:00,2023,3,MSK,13743.0,8526,15462667861,30.6,85.17,3,40923.0,23608.0,46348126297,35.0,88.0,3.0
2023-03-04 00:00:00,2023,3,SSL,13537.0,5312,15235574565,35.7,99.67,3,36848.0,23159.0,41734915238,30.0,76.0,3.0
2023-03-05 00:00:00,2023,3,COS,13525.0,9155,15652539542,36.8,79.46,4,32359.0,21808.0,37154140874,34.0,71.0,4.0
2023-03-06 00:00:00,2023,3,WHL,10291.0,6370,11088720904,28.6,51.73,4,29628.0,20989.0,35301196549,29.0,51.0,4.0
2023-03-07 00:00:00,2023,3,MSC,10167.0,7382,12123902002,29.6,55.89,7,24852.0,15730.0,27717428697,26.0,45.0,7.0
2023-03-08 00:00:00,2023,3,CMA,3395.0,2488,3770355609,23.9,49.68,2,12780.0,8939.0,14580944558,23.0,44.0,2.0
2023-03-09 00:00:00,2023,3,SIT,2925.0,2051,3899219847,20.1,29.07,3,8645.0,5917.0,10661178950,22.0,28.0,3.0
2023-03-10 00:00:00,2023,3,GSL,2622.0,1835,2907857323,27.9,48.6,1,8382.0,5847.0,9771781402,30.0,44.0,1.0
2023-03-11 00:00:00,2023,3,KMT,2589.0,1819,3146256255,23.6,33.62,2,6304.0,4506.0,7596866631,27.0,41.0,2.0
2023-03-12 00:00:00,2023,3,RCL,2512.0,1786,2880645844,22,45.95,2,5744.0,3869.0,6306388875,27.0,51.0,2.0
2023-03-13 00:00:00,2023,3,YML,2365.0,1656,2632048009,26.2,50.9,2,5064.0,3517.0,5604535873,34.0,57.0,2.0
2023-03-14 00:00:00,2023,3,ONE,1490.0,1071,1695266006,34.4,65.81,2,4897.0,3282.0,5487903281,29.0,58.0,2.0
2023-03-15 00:00:00,2023,3,OOL,1457.0,965,1617593638,25.6,49.04,2,3370.0,2339.0,3929139090,27.0,48.0,2.0
2023-03-16 00:00:00,2023,3,ANL,1086.0,680,1306075082,23.2,16.36,2,1461.0,914.0,1813986307,21.0,13.0,2.0
2023-03-17 00:00:00,2023,3,PIL,906.0,660,1050430537,28.6,34.21,2,327.0,270.0,319486880,25.0,32.0,2.0
2023-03-18 00:00:00,2023,3,LMA,327.0,270,319486879.9,25.2,31.63,0,218.0,185.0,252359197,18.0,19.0,0.0
2023-04-01 00:00:00,2023,4,CNC,17947.0,11563,19436230431,33,62.18,8,69994.0,45841.0,78252610072,30.0,58.0,8.0
2023-04-02 00:00:00,2023,4,MSK,17456.0,11046,19298366025,32.5,75.34,8,56515.0,37396.0,61989092833,30.0,51.0,8.0
2023-04-03 00:00:00,2023,4,SSL,12378.0,7859,13423747328,34.1,75.44,2,54304.0,34205.0,61033281263,31.0,76.0,2.0
2023-04-04 00:00:00,2023,4,EMC,12310.0,8028,13340278773,28.2,47.6,2,53301.0,31467.0,59771873625,35.0,85.0,2.0
2023-04-05 00:00:00,2023,4,MSC,10377.0,7352,12047124105,31,50.78,4,41886.0,28412.0,48156267360,33.0,71.0,4.0
2023-04-06 00:00:00,2023,4,COS,9527.0,6604,11002126486,33.4,73.41,4,40005.0,28341.0,47348320654,30.0,51.0,4.0
2023-04-07 00:00:00,2023,4,WHL,6306.0,4111,7352983240,24.5,45.5,4,31158.0,19841.0,35070411937,26.0,45.0,4.0
2023-04-08 00:00:00,2023,4,CMA,5242.0,3241,5698975095,29.4,58.09,0,12780.0,8939.0,14580944558,23.0,44.0,0.0
2023-04-09 00:00:00,2023,4,SIT,2872.0,2091,3468615851,20.3,27.73,3,11337.0,8008.0,14129794801,22.0,28.0,3.0
2023-04-10 00:00:00,2023,4,OOL,1995.0,1427,2193242770,24.4,51.63,0,8382.0,5847.0,9771781402,30.0,44.0,0.0
2023-04-11 00:00:00,2023,4,ONE,1799.0,1204,2096677564,26.3,47.65,2,7844.0,5603.0,9408346220,27.0,41.0,2.0
2023-04-12 00:00:00,2023,4,KMT,1540.0,1097,1811479589,29.4,42.48,2,6894.0,4640.0,7524735649,25.0,47.0,2.0
2023-04-13 00:00:00,2023,4,GSL,1267.0,899,1404349560,30.4,49.47,2,6892.0,4709.0,7681146051,28.0,56.0,2.0
2023-04-14 00:00:00,2023,4,YML,1150.0,771,1218346774,19.2,35.67,2,6331.0,4416.0,7008885433,33.0,55.0,2.0
2023-04-15 00:00:00,2023,4,ANL,364.0,225,410331037,22.1,14.31,2,5169.0,3543.0,6025816654,27.0,48.0,2.0
2023-05-01 00:00:00,2023,5,CNC,23249.0,15265,25143106207,33.4,75.29,12,98826.0,64699.0,109304095193,31.0,62.0,12.0
2023-05-02 00:00:00,2023,5,EMC,17544.0,11713,18548851539,31.8,63.87,9,74059.0,49109.0,80537944372,30.0,54.0,9.0
2023-05-03 00:00:00,2023,5,SSL,15527.0,10091,16870173301,28,69.66,3,68828.0,41558.0,76642046926,34.0,82.0,3.0
2023-05-04 00:00:00,2023,5,MSC,15083.0,10221,16872470105,30.5,64.3,2,68296.0,42800.0,76329303824,31.0,76.0,2.0
2023-05-05 00:00:00,2023,5,MSK,13992.0,8595,15296022560,32.3,77.82,5,55088.0,38562.0,64220790759,30.0,54.0,5.0
2023-05-06 00:00:00,2023,5,COS,11186.0,7518,12618502825,25.9,64.93,4,53072.0,35930.0,60774770185,32.0,70.0,4.0
2023-05-07 00:00:00,2023,5,WHL,6663.0,4525,7782746218,31.5,61.22,4,37821.0,24366.0,42853158155,27.0,48.0,4.0
2023-05-08 00:00:00,2023,5,CMA,5583.0,3593,5908378914,34.9,76.09,3,13974.0,9906.0,17305046325,22.0,29.0,3.0
2023-05-09 00:00:00,2023,5,SIT,2637.0,1898,3175251523,22.5,34.6,0,12780.0,8939.0,14580944558,23.0,44.0,0.0
2023-05-10 00:00:00,2023,5,YML,2525.0,1751,2727190139,25.3,62.61,2,10196.0,7183.0,12099249665,26.0,41.0,2.0
2023-05-11 00:00:00,2023,5,GSL,2496.0,1860,2754394664,43.3,75.5,2,9419.0,6391.0,10251925789,25.0,50.0,2.0
2023-05-12 00:00:00,2023,5,KMT,2352.0,1580,2690903445,17.9,42.5,2,8827.0,6276.0,9763280097,35.0,59.0,2.0
2023-05-13 00:00:00,2023,5,OOL,1318.0,909,1442418094,25.6,64.93,0,8382.0,5847.0,9771781402,30.0,44.0,0.0
2023-05-14 00:00:00,2023,5,ONE,865.0,597,1000844582,26.2,52.22,3,8210.0,5618.0,9123564145,28.0,58.0,3.0
2023-05-15 00:00:00,2023,5,BEN,364.0,206,310186666.8,27.9,22.7,2,6034.0,4140.0,7026661236,27.0,49.0,2.0
2023-05-16 00:00:00,2023,5,ANL,286.0,198,332590120.8,19.3,19.2,3,2111.0,1337.0,2556907465,21.0,15.0,3.0
2023-05-17 00:00:00,2023,5,LMA,64.0,33,53517200.93,12.5,6.81,0,391.0,303.0,373004081,19.0,19.0,0.0
2023-06-01 00:00:00,2023,6,CNC,17793.0,11184,19267863102,27.4,69.19,10,118925.0,77396.0,130870153303,30.0,62.0,10.0
2023-06-02 00:00:00,2023,6,MSK,17102.0,10607,18403999716,32.3,87.38,9,90177.0,59715.0,97361205953,30.0,54.0,9.0
2023-06-03 00:00:00,2023,6,EMC,16118.0,10606,16902625014,26.8,57.8,3,82.015,49930.0,90896028153,33.0,82.0,3.0
2023-06-04 00:00:00,2023,6,SSL,13187.0,8372,14253981227,29.9,82.23,3,85398.0,53407.0,94733303540,31.0,78.0,3.0
2023-06-05 00:00:00,2023,6,COS,11902.0,8103,13570103248,26.5,71.27,8,65856.0,46111.0,76060723982,30.0,59.0,8.0
2023-06-06 00:00:00,2023,6,MSC,10768.0,7549,11839933223,31.8,84.13,5,64974.0,44033.0,74344873433,31.0,70.0,5.0
2023-06-07 00:00:00,2023,6,WHL,4850.0,3255,5634556847,27.3,60.79,7,42671.0,27621.0,48333629815,27.0,50.0,7.0
2023-06-08 00:00:00,2023,6,KMT,3826.0,2649,4407528812,20.2,45.17,2,16646.0,11651.0,20387229147,23.0,31.0,2.0
2023-06-09 00:00:00,2023,6,SIT,2672.0,1745,3082182822,27.7,41.85,0,12780.0,8939.0,14580944558,23.0,44.0,0.0
2023-06-10 00:00:00,2023,6,OOL,2513.0,1734,2782051095,21.2,48.24,2,14022.0,9832.0,16506778477,25.0,42.0,2.0
2023-06-11 00:00:00,2023,6,ONE,2477.0,1705,2875268489,36.5,67.76,2,10615.0,7168.0,"Rp 11,452,777,869",25.0,51.0,2.0
2023-06-12 00:00:00,2023,6,CMA,2306.0,1513,2475320743,21.9,51.23,2,10236.0,7249.0,"Rp 11,248,304,961",34.0,59.0,2.0
2023-06-13 00:00:00,2023,6,GSL,1409.0,973,1521471111,28.3,60.64,0,8382.0,5847.0,"Rp 9,771,781,402",30.0,44.0,0.0
2023-06-14 00:00:00,2023,6,YML,1176.0,767,1254782978,24.5,53.27,2,10723.0,7352.0,"Rp 11,819,763,544",26.0,56.0,2.0
2023-06-15 00:00:00,2023,6,LMA,682.0,505,669139708.2,20.9,21.55,2,8511.0,5845.0,"Rp 9,901,929,726",29.0,52.0,2.0
2023-06-16 00:00:00,2023,6,ANL,492.0,309,536995672,20.2,22.91,2,2603.0,1646.0,"Rp3,093,903,137",21.0,17.0,2.0
2023-06-17 00:00:00,2023,6,BEN,166.0,117,161172626.7,36.8,21.33,0,1073.0,808.0,"Rp 1,042,143,789",20.0,20.0,0.0
2023-07-01 00:00:00,2023,7,CNC,32032.0,20344,34950935638,31.7,73.19,10,152227.0,98621.0,167306875089,29.0,61.0,10.0
2023-07-02 00:00:00,2023,7,MSK,19631.0,12226,21836793254,30.5,81.35,9,108472.0,72004.0,116641804089,29.0,54.0,9.0
2023-07-03 00:00:00,2023,7,EMC,18295.0,12289,19280598136,28.6,61.13,3,105029.0,65633.0,116570096794,31.0,73.0,3.0
2023-07-04 00:00:00,2023,7,COS,13119.0,9070,15543782692,22.9,54.62,3,94659.0,58155.0,104801005933,32.0,79.0,3.0
2023-07-05 00:00:00,2023,7,MSC,12655.0,8673,14569010215,27.4,53.89,5,78511.0,54784.0,90629734196,29.0,58.0,5.0
2023-07-06 00:00:00,2023,7,SSL,12644.0,8225,13904977780,30.3,79.15,4,78093.0,53103.0,89888656125,31.0,69.0,4.0
2023-07-07 00:00:00,2023,7,WHL,8153.0,5478,9624091266,31.6,65.96,5,50824.0,33099.0,57957721080,26.0,49.0,5.0
2023-07-08 00:00:00,2023,7,KMT,3706.0,2611,4424089324,18,39.04,2,19749.0,13854.0,24246581470,24.0,34.0,2.0
2023-07-09 00:00:00,2023,7,SIT,3103.0,2203,3859352323,21.9,34.97,2,17728.0,12443.0,20930867801,25.0,45.0,2.0
2023-07-10 00:00:00,2023,7,ONE,1288.0,830,1465193430,33.8,62.06,0,12780.0,8939.0,14580944558,23.0,44.0,0.0
2023-07-11 00:00:00,2023,7,CMA,1270.0,881,1485786148,33.2,73.2,2,11971.0,8197.0,13201759660,27.0,57.0,2.0
2023-07-12 00:00:00,2023,7,OOL,1248.0,845,1381996116,17.4,39.71,2,11803.0,7985.0,12766925076,26.0,50.0,2.0
2023-07-13 00:00:00,2023,7,YML,1188.0,817,1314147207,32.9,67.17,2,11319.0,8020.0,12471444569,33.0,58.0,2.0
2023-07-14 00:00:00,2023,7,GSL,1083.0,771,1223139608,25.1,56.33,2,9799.0,6675.0,11367123156,29.0,54.0,2.0
2023-07-15 00:00:00,2023,7,BEN,575.0,383,528167979.8,20.4,25.95,0,8382.0,5847.0,9771781402,30.0,44.0,0.0
2023-07-16 00:00:00,2023,7,ANL,253.0,194,309932136.5,38.2,11.25,2,2856.0,1840.0,3403835274,22.0,18.0,2.0
2023-07-17 00:00:00,2023,7,LMA,137.0,83,133864406.9,21.5,16.98,4,1210.0,891.0,1176008196,21.0,29.0,4.0
2023-08-01 00:00:00,2023,8,CNC,22137.0,14294,24913905374,29.9,77.31,11,176717.0,114547.0,194977908747,30.0,63.0,11.0
2023-08-02 00:00:00,2023,8,EMC,17155.0,11363,18799964442,27.8,56.81,9,125627.0,83367.0,135441768531,29.0,54.0,9.0
2023-08-03 00:00:00,2023,8,MSC,15089.0,9933,16570286666,28,61.06,3,119635.0,74934.0,133167077891,31.0,77.0,3.0
2023-08-04 00:00:00,2023,8,MSK,14606.0,9301,16596981097,33.8,103.54,3,107116.0,66363.0,118917956086,32.0,79.0,3.0
2023-08-05 00:00:00,2023,8,SSL,12457.0,8208,14116950153,31.3,78.28,5,93600.0,64717.0,107200020862,29.0,59.0,5.0
2023-08-06 00:00:00,2023,8,COS,8207.0,5761,9710081842,30.8,75.62,4,86300.0,58864.0,99598737967,31.0,70.0,4.0
2023-08-07 00:00:00,2023,8,WHL,6588.0,4460,7785088541,27.4,60.93,5,57412.0,37559.0,65742809621,26.0,51.0,5.0
2023-08-08 00:00:00,2023,8,KMT,2805.0,2002,3339001031,32.1,69.26,2,22288.0,15477.0,27410860669,24.0,34.0,2.0
2023-08-09 00:00:00,2023,8,GSL,2610.0,1844,2972495302,28,58.13,2,20533.0,14445.0,24269868832,26.0,48.0,2.0
2023-08-10 00:00:00,2023,8,SIT,2539.0,1623,3164279199,25.6,35.14,3,14427.0,9921.0,16029699710,26.0,56.0,3.0
2023-08-11 00:00:00,2023,8,ONE,2538.0,1584,2865263127,30,53.47,2,14190.0,9613.0,15436729328,25.0,50.0,2.0
2023-08-12 00:00:00,2023,8,OOL,2456.0,1724,2827940049,21.5,49.89,2,13929.0,9864.0,15443939871,32.0,58.0,2.0
2023-08-13 00:00:00,2023,8,YML,2387.0,1628,2669804252,24.7,51.21,0,12780.0,8939.0,14580944558,23.0,44.0,0.0
2023-08-14 00:00:00,2023,8,CMA,2284.0,1581,2677201065,38.2,76.32,2,12337.0,8259.0,14232386283,29.0,54.0,2.0
2023-08-15 00:00:00,2023,8,ANL,800.0,488,907074617.7,25.5,23.3,0,8382.0,5847.0,9771781402,30.0,44.0,0.0
2023-08-16 00:00:00,2023,8,LMA,299.0,243,321991534.1,28,18.19,2,3656.0,2328.0,4310909891,22.0,19.0,2.0
2023-08-17 00:00:00,2023,8,BEN,276.0,249,313372963.7,23.4,19.9,3,1509.0,1134.0,1497999730,22.0,27.0,3.0
2023-09-01 00:00:00,2023,9,SSL,20557.0,14072,23691155436,28.8,77.85,10,197424.0,127852.0,219138441488,30.0,64.0,10.0
2023-09-02 00:00:00,2023,9,CNC,19453.0,12434,22636718335,30.1,72.6,11,141874.0,93716.0,152992914048,29.0,55.0,11.0
2023-09-03 00:00:00,2023,9,MSK,17892.0,10961,19971100017,29.9,91.29,3,137527.0,85895.0,153138177908,31.0,79.0,3.0
2023-09-04 00:00:00,2023,9,MSC,17439.0,12214,18785485399,29.7,68.83,3,127673.0,80435.0,142609111523,32.0,79.0,3.0
2023-09-05 00:00:00,2023,9,EMC,16247.0,10349,17551145516,29.1,58.86,5,111039.0,76931.0,125985506261,29.0,60.0,5.0
2023-09-06 00:00:00,2023,9,WHL,7653.0,4966,8933044559,24.8,51.99,3,92327.0,63008.0,106751414607,30.0,70.0,3.0
2023-09-07 00:00:00,2023,9,COS,6027.0,4144,7152676640,25.6,75.13,5,65065.0,42525.0,74675854180,26.0,51.0,5.0
2023-09-08 00:00:00,2023,9,SIT,3494.0,2267,4314835399,24.5,39.13,2,25782.0,17744.0,31725696069,24.0,34.0,2.0
2023-09-09 00:00:00,2023,9,GSL,2916.0,1987,3312785900,21.2,51.84,2,22519.0,15755.0,26567422996,25.0,47.0,2.0
2023-09-10 00:00:00,2023,9,KMT,1986.0,1310,2297554164,19.5,40.68,3,16845.0,11851.0,18756725772,31.0,58.0,3.0
2023-09-11 00:00:00,2023,9,CMA,1254.0,871,1523814406,36.8,74.67,2,15650.0,10794.0,17448492018,27.0,58.0,2.0
2023-09-12 00:00:00,2023,9,OOL,1223.0,873,1418792308,33.5,73.17,2,15378.0,10427.0,16788869420,26.0,51.0,2.0
2023-09-13 00:00:00,2023,9,YML,1188.0,814,1352140092,28.7,58.98,2,13463.0,9045.0,15566666402,30.0,57.0,2.0
2023-09-14 00:00:00,2023,9,ONE,1126.0,786,1334280119,39,79.31,0,12780.0,8939.0,14580944558,23.0,44.0,0.0
2023-09-15 00:00:00,2023,9,ANL,1047.0,644,1192396563,23.8,20.2,0,8382.0,5847.0,9771781402,30.0,44.0,0.0
2023-09-16 00:00:00,2023,9,BEN,432.0,331,466942005.4,26.1,23.93,2,4703.0,2972.0,5503306454,22.0,19.0,2.0
2023-09-17 00:00:00,2023,9,LMA,194.0,138,215776772.3,20.1,15.14,1,1813.0,1286.0,1618669616,27.0,34.0,1.0
2023-10-01 00:00:00,2023,10,SSL,22901.0,16140,27278259885,31.1,76.57,11,217421.0,140576.0,242459394247,30.0,65.0,11.0
2023-10-02 00:00:00,2023,10,MSK,21525.0,13044,24968732861,29.9,77.19,9,159285.0,105303.0,172583474547,29.0,55.0,9.0
2023-10-03 00:00:00,2023,10,EMC,17411.0,11587,19590560500,26.9,57.84,3,159052.0,98939.0,178106910768,31.0,79.0,3.0
2023-10-04 00:00:00,2023,10,CNC,17411.0,11022,20235009463,26.4,65.8,3,150574.0,96575.0,169887371407,32.0,79.0,3.0
2023-10-05 00:00:00,2023,10,MSC,12745.0,8256,14511755154,26.6,54.74,5,123784.0,85187.0,140497261415,29.0,59.0,5.0
2023-10-06 00:00:00,2023,10,COS,10870.0,7254,13156989892,28.2,70.99,3,103197.0,70262.0,119908404499,30.0,71.0,3.0
2023-10-07 00:00:00,2023,10,WHL,6855.0,4790,8544952425,19.3,40.86,2,71920.0,47315.0,83220806605,26.0,50.0,2.0
2023-10-08 00:00:00,2023,10,KMT,2962.0,2026,3673435251,24.7,44.65,2,28369.0,19422.0,35159453635,24.0,35.0,2.0
2023-10-09 00:00:00,2023,10,SIT,2587.0,1678,3433757566,24.5,40.72,2,25481.0,17781.0,30240858247,25.0,47.0,2.0
2023-10-10 00:00:00,2023,10,CMA,2586.0,1702,3085943297,26.5,74.01,2,18279.0,12850.0,20429850473,31.0,58.0,2.0
2023-10-11 00:00:00,2023,10,OOL,2560.0,1748,2969418431,22.5,53.95,3,18210.0,12542.0,20417910449,27.0,58.0,3.0
2023-10-12 00:00:00,2023,10,ONE,2406.0,1608,2922291225,35.3,74.79,2,17753.0,12075.0,19589540898,26.0,51.0,2.0
2023-10-13 00:00:00,2023,10,YML,2375.0,1648,2800671478,23,47.8,0,15869.0,10653.0,18488957627,31.0,59.0,0.0
2023-10-14 00:00:00,2023,10,GSL,1434.0,999,1673124702,32.8,62.31,0,12780.0,8939.0,14580944558,23.0,44.0,0.0
2023-10-15 00:00:00,2023,10,ANL,593.0,376,768569999.3,24.5,13.79,0,8382.0,5847.0,9771781402,30.0,44.0,0.0
2023-10-16 00:00:00,2023,10,BEN,218.0,115,192593958.7,25.8,27.78,2,5296.0,3348.0,6271876453,23.0,18.0,2.0
2023-10-17 00:00:00,2023,10,LMA,144.0,100,171393380.4,18.6,10.22,2,2031.0,1401.0,1811263574,27.0,33.0,2.0
2023-11-01 00:00:00,2023,11,EMC,19242.0,12584,21180694927,31.5,65.5,11,236450.0,152924.0,265074660722,30.0,64.0,11.0
2023-11-02 00:00:00,2023,11,SSL,18648.0,13383,22451251366,32.1,86.21,9,178527.0,117887.0,193764169474,29.0,56.0,9.0
2023-11-03 00:00:00,2023,11,CNC,17724.0,11493,21068153864,31.1,72.79,3,173380.0,108000.0,194703482657,31.0,80.0,3.0
2023-11-04 00:00:00,2023,11,MSK,14328.0,9061,16596571888,31.2,99.5,3,169222.0,109958.0,192338622773,32.0,79.0,3.0
2023-11-05 00:00:00,2023,11,MSC,11331.0,7372,13401609836,26.5,61.64,5,135115.0,92559.0,153898871251,29.0,59.0,5.0
2023-11-06 00:00:00,2023,11,COS,7021.0,4951,8636566255,29.7,82.76,5,110218.0,75213.0,128544970754,30.0,72.0,5.0
2023-11-07 00:00:00,2023,11,WHL,5642.0,3720,6877552444,27.8,59.13,2,77562.0,51035.0,90098359050,26.0,51.0,2.0
2023-11-08 00:00:00,2023,11,SIT,3322.0,2092,4071064337,22.5,38.55,4,31691.0,21514.0,39230517972,24.0,35.0,4.0
2023-11-09 00:00:00,2023,11,GSL,2768.0,1920,3161698211,23.4,52.58,2,28151.0,19604.0,33513916935,25.0,46.0,2.0
2023-11-10 00:00:00,2023,11,KMT,2670.0,1823,3273058687,20.5,36,3,21047.0,14770.0,23591548685,30.0,58.0,3.0
2023-11-11 00:00:00,2023,11,ONE,2324.0,1507,2707923491,27.6,58.74,3,19463.0,13370.0,21806199229,26.0,58.0,3.0
2023-11-12 00:00:00,2023,11,CMA,1305.0,855,1547112610,26.1,52.67,2,18743.0,12776.0,20758620047,25.0,51.0,2.0
2023-11-13 00:00:00,2023,11,OOL,1253.0,828,1388288780,22.7,55.71,5,18193.0,12160.0,21196881118,30.0,59.0,5.0
2023-11-14 00:00:00,2023,11,YML,990.0,701,1169079148,24.9,53.99,0,12780.0,8939.0,14580944558,23.0,44.0,0.0
2023-11-15 00:00:00,2023,11,ANL,859.0,537,1032618131,22.1,16.95,0,8382.0,5847.0,9771781402,30.0,44.0,0.0
2023-11-16 00:00:00,2023,11,BEN,500.0,342,505065764.9,22.6,29.73,3,6155.0,3885.0,7304494584,23.0,18.0,3.0
2023-11-17 00:00:00,2023,11,LMA,172.0,99,170607630.8,17.9,21.95,2,2672.0,1713.0,3181198520,29.0,54.0,2.0
2023-12-01 00:00:00,2023,12,ANL,995.0,609,1143662495,81.69,73.62,10.7,264028.0,170283.0,297347594314,29.0,64.0,10.7
2023-12-02 00:00:00,2023,12,BEN,243.0,144,232960996.3,46.14,50.8,8.6,194595.0,128853.0,211914621791,29.0,56.0,8.6
2023-12-03 00:00:00,2023,12,CMA,2413.0,1557,2933420369,104.55,252.95,2.8,192178.0,125559.0,218930487745,32.0,79.0,2.8
2023-12-04 00:00:00,2023,12,CNC,25165.0,15802,29339513224,239.3,597.7,2.9,189468.0,118391.0,213417299280,31.0,81.0,2.9
2023-12-05 00:00:00,2023,12,COS,6858.0,4786,8255122070,150.05,386.9,4.5,144449.0,98732.0,164685891185,28.0,59.0,4.5
2023-12-06 00:00:00,2023,12,EMC,16068.0,10966,18150452316,78.39,164.52,2.7,117076.0,79999.0,136800092823,30.0,72.0,2.7
2023-12-07 00:00:00,2023,12,GSL,1295.0,932,1525806586,156.1,264.25,2.5,84920.0,55787.0,98994869388,25.0,50.0,2.5
2023-12-08 00:00:00,2023,12,KMT,2930.0,2012,3531033587,84.52,174.32,4.3,36198.0,24644.0,44716363315,24.0,36.0,4.3
2023-12-09 00:00:00,2023,12,LMA,649.0,447,668631830.5,39.48,49.72,2.1,31081.0,21616.0,37044950521,25.0,46.0,2.1
2023-12-10 00:00:00,2023,12,MSC,9334.0,6173,10787019934,26.67,52.93,1.7,22342.0,15702.0,25117355271,30.0,57.0,1.7
2023-12-11 00:00:00,2023,12,MSK,16088.0,10391,18713816623,30.67,88.49,2.6,21171.0,14473.0,23577786904,25.0,51.0,2.6
2023-12-12 00:00:00,2023,12,NSS,1256.0,785,1412069232,88.8,189.08,2.4,20679.0,14235.0,23240675256,26.0,57.0,2.4
2023-12-13 00:00:00,2023,12,ONE,2281.0,1493,2664028559,160.24,335.12,2.4,20474.0,13653.0,23860909677,30.0,57.0,2.4
2023-12-14 00:00:00,2023,12,OOL,1216.0,865,1434476027,115.45,266.75,0,12780.0,8939.0,14580944558,23.0,44.0,0.0
2023-12-15 00:00:00,2023,12,SIT,4507.0,3130,5485845343,110.6,202.65,0,8382.0,5847.0,9771781402,30.0,44.0,0.0
2023-12-16 00:00:00,2023,12,SSL,22956.0,15601,26591864972,182.58,470.88,2.3,7150.0,4494.0,8448157080,23.0,19.0,2.3
2023-12-17 00:00:00,2023,12,TSL,1381.0,919,1632200838,72.64,144.92,1.9,4053.0,2632.0,4813399358,25.0,48.0,1.9
2023-12-18 00:00:00,2023,12,WHL,7358.0,4752,8896510338,18.18,43.69,1.7,2774.0,1887.0,2549290336,26.0,31.0,1.7
2023-12-19 00:00:00,2023,12,YML,2428.0,1697,2819166857,101.3,250.05,3.5,2668.0,1918.0,2724409344,21.0,23.0,3.5
2024-01-01 00:00:00,2024,1,ANL,583.0,382,695219673.7,24.63,19.36,7.6,0.0,0.0,0,0.0,0.0,0.0
2024-01-02 00:00:00,2024,1,BEN,259.0,156,266919640.2,23.07,13.86,10.3,0.0,0.0,0,0.0,0.0,0.0
2024-01-03 00:00:00,2024,1,CMA,1028.0,706,1274719736,30.18,65.36,8.8,0.0,0.0,0,0.0,0.0,0.0
2024-01-04 00:00:00,2024,1,CNC,15899.0,10005,18658135659,26.47,60.9,2.7,0.0,0.0,0,0.0,0.0,0.0
2024-01-05 00:00:00,2024,1,COS,11680.0,7820,13945638752,25.44,69.19,5.4,0.0,0.0,0,0.0,0.0,0.0
2024-01-06 00:00:00,2024,1,EMC,16851.0,11351,19030489944,27.04,56.04,4.8,0.0,0.0,0,0.0,0.0,0.0
2024-01-07 00:00:00,2024,1,GSL,1266.0,914,1464017641,29.2,57.63,2.4,0.0,0.0,0,0.0,0.0,0.0
2024-01-08 00:00:00,2024,1,HPL,518.0,453,633194545.2,58.22,57.34,5.2,0.0,0.0,0,0.0,0.0,0.0
2024-01-09 00:00:00,2024,1,KMT,3266.0,2241,3772683821,23.08,42.11,4,0.0,0.0,0,0.0,0.0,0.0
2024-01-10 00:00:00,2024,1,LMA,181.0,110,186982322.3,21.14,14.88,4.4,0.0,0.0,0,0.0,0.0,0.0
2024-01-11 00:00:00,2024,1,MSC,11256.0,7437,12901730582,26.44,55.42,2.1,0.0,0.0,0,0.0,0.0,0.0
2024-01-12 00:00:00,2024,1,MSK,15264.0,9709,17765212354,30.03,83.51,3,0.0,0.0,0,0.0,0.0,0.0
2024-01-13 00:00:00,2024,1,NSS,1225.0,804,1438033096,19.42,41.04,2.2,0.0,0.0,0,0.0,0.0,0.0
2024-01-14 00:00:00,2024,1,ONE,3528.0,2263,4142403288,21.58,47.79,2.1,0.0,0.0,0,0.0,0.0,0.0
2024-01-15 00:00:00,2024,1,OOL,3977.0,2755,4578242869,23.54,55.02,2.3,0.0,0.0,0,0.0,0.0,0.0
2024-01-16 00:00:00,2024,1,RCL,1626.0,1160,2170117558,26.78,40.64,2.7,0.0,0.0,0,0.0,0.0,0.0
2024-01-17 00:00:00,2024,1,SIT,3910.0,2675,4806424683,19.84,37.44,2.5,0.0,0.0,0,0.0,0.0,0.0
2024-01-18 00:00:00,2024,1,SSL,19520.0,13041,22588661545,31.3,71.13,1,0.0,0.0,0,0.0,0.0,0.0
2024-01-19 00:00:00,2024,1,TSL,1224.0,846,1388061065,17.6,36.75,0.9,0.0,0.0,0,0.0,0.0,0.0
2024-01-20 00:00:00,2024,1,WHL,5590.0,3638,6701249874,25.43,51.9,1.1,0.0,0.0,0,0.0,0.0,0.0
2024-01-21 00:00:00,2024,1,YML,1159.0,823,1335115412,18.86,47.99,0,0.0,0.0,0,0.0,0.0,0.0
2024-02-01 00:00:00,2024,2,ANL,472.0,272,523826412.4,26.62,21.31,7.3,0.0,0.0,0,0.0,0.0,0.0
2024-02-02 00:00:00,2024,2,BEN,94.0,52,97573335.48,18.55,7.05,9.9,0.0,0.0,0,0.0,0.0,0.0
2024-02-03 00:00:00,2024,2,CMA,1869.0,1276,2242797718,20.58,39.72,8.3,0.0,0.0,0,0.0,0.0,0.0
2024-02-04 00:00:00,2024,2,CNC,19991.0,12619,23451527049,30.07,69.33,2.6,0.0,0.0,0,0.0,0.0,0.0
2024-02-05 00:00:00,2024,2,COS,6712.0,4413,7763861822,24.57,71.48,5,0.0,0.0,0,0.0,0.0,0.0
2024-02-06 00:00:00,2024,2,EMC,16959.0,11515,19093485659,22.3,45.15,5.4,0.0,0.0,0,0.0,0.0,0.0
2024-02-07 00:00:00,2024,2,GSL,2770.0,2051,3320924445,25.24,45.38,2.4,0.0,0.0,0,0.0,0.0,0.0
2024-02-08 00:00:00,2024,2,KMT,3261.0,2241,4001052542,22.45,37.98,5.2,0.0,0.0,0,0.0,0.0,0.0
2024-02-09 00:00:00,2024,2,LMA,247.0,143,255171107.7,16.45,12.93,3.3,0.0,0.0,0,0.0,0.0,0.0
2024-02-10 00:00:00,2024,2,MSC,9845.0,6657,11822149669,22.41,49.47,1.9,0.0,0.0,0,0.0,0.0,0.0
2024-02-11 00:00:00,2024,2,MSK,15080.0,9293,17828639578,27.52,70.22,2,0.0,0.0,0,0.0,0.0,0.0
2024-02-12 00:00:00,2024,2,NSS,994.0,673,1224139797,16.91,36.75,1.9,0.0,0.0,0,0.0,0.0,0.0
2024-02-13 00:00:00,2024,2,ONE,2043.0,1351,2455527543,21.23,38.46,2,0.0,0.0,0,0.0,0.0,0.0
2024-02-14 00:00:00,2024,2,OOL,3364.0,2318,3943728050,30.71,74.94,2.2,0.0,0.0,0,0.0,0.0,0.0
2024-02-15 00:00:00,2024,2,RCL,1345.0,1009,1743808137,17.17,26.18,2.2,0.0,0.0,0,0.0,0.0,0.0
2024-02-16 00:00:00,2024,2,SIT,3419.0,2336,4460782970,22.66,33.63,2.4,0.0,0.0,0,0.0,0.0,0.0
2024-02-17 00:00:00,2024,2,SSL,20015.0,13515,23632615842,28.46,64.87,1.7,0.0,0.0,0,0.0,0.0,0.0
2024-02-18 00:00:00,2024,2,TSL,1034.0,710,1217233750,17.5,38.83,0,0.0,0.0,0,0.0,0.0,0.0
2024-02-19 00:00:00,2024,2,WHL,5532.0,3644,6576594733,21.46,50.13,1,0.0,0.0,0,0.0,0.0,0.0
2024-02-20 00:00:00,2024,2,YML,587.0,429,683846290.4,24.43,55.41,0.9,0.0,0.0,0,0.0,0.0,0.0
2024-02-21 00:00:00,2024,2,PIL,0.0,0,0,0,0,0,0.0,0.0,0,0.0,0.0,0.0
2024-03-01 00:00:00,2024,3,ANL,608.0,372,757807929.4,22.26,16.21,4.3,0.0,0.0,0,0.0,0.0,0.0
2024-03-01 00:00:00,2024,3,BEN,247.0,146,239545203.4,17.65,11.93,8.2,0.0,0.0,0,0.0,0.0,0.0
2024-03-01 00:00:00,2024,3,CMA,1061.0,702,1320094595,31.14,49.69,8.5,0.0,0.0,0,0.0,0.0,0.0
2024-03-01 00:00:00,2024,3,CNC,19851.0,12423,23120633569,30.87,68.25,2.2,0.0,0.0,0,0.0,0.0,0.0
2024-03-01 00:00:00,2024,3,COS,9619.0,6625,11437017129,35.55,79.86,4.2,0.0,0.0,0,0.0,0.0,0.0
2024-03-01 00:00:00,2024,3,EMC,17723.0,11561,19420042228,26.63,53.9,4.8,0.0,0.0,0,0.0,0.0,0.0
2024-03-01 00:00:00,2024,3,GSL,1227.0,894,1490371935,22.02,39.88,2.1,0.0,0.0,0,0.0,0.0,0.0
2024-03-01 00:00:00,2024,3,KMT,2291.0,1603,2812810916,27.16,37.3,4.5,0.0,0.0,0,0.0,0.0,0.0
2024-03-01 00:00:00,2024,3,LMA,134.0,73,138014187.3,26.46,16.93,3.2,0.0,0.0,0,0.0,0.0,0.0
2024-03-01 00:00:00,2024,3,MSC,14571.0,9816,17624459211,24.12,45.16,1.6,0.0,0.0,0,0.0,0.0,0.0
2024-03-01 00:00:00,2024,3,MSK,13872.0,8496,16214386789,27.81,59.12,2,0.0,0.0,0,0.0,0.0,0.0
2024-03-01 00:00:00,2024,3,NSS,1210.0,777,1419433882,22.9,44.24,1.9,0.0,0.0,0,0.0,0.0,0.0
2024-03-01 00:00:00,2024,3,ONE,3843.0,2582,4573745911,24.82,46.26,1,0.0,0.0,0,0.0,0.0,0.0
2024-03-01 00:00:00,2024,3,OOL,4281.0,3056,5116555093,24.1,54.69,2,0.0,0.0,0,0.0,0.0,0.0
2024-03-01 00:00:00,2024,3,RCL,1198.0,818,1463478128,21.53,30.88,2,0.0,0.0,0,0.0,0.0,0.0
2024-03-01 00:00:00,2024,3,SIT,3727.0,2471,4645249408,25.57,33.56,0,0.0,0.0,0,0.0,0.0,0.0
2024-03-01 00:00:00,2024,3,SSL,20490.0,13695,24145157348,32.4,73.6,1.8,0.0,0.0,0,0.0,0.0,0.0
2024-03-01 00:00:00,2024,3,TSL,1335.0,878,1567544143,19.07,38.8,0,0.0,0.0,0,0.0,0.0,0.0
2024-03-01 00:00:00,2024,3,WHL,8205.0,5248,9529785171,19.44,39.67,0.9,0.0,0.0,0,0.0,0.0,0.0
04/2024,2024,4,ANL,225.0,164,355904194.1,16.83,5.66,7,0.0,0.0,0,0.0,0.0,0.0
04/2024,2024,4,CMA,1367.0,946,1890733836,14.94,28.27,3.1,0.0,0.0,0,0.0,0.0,0.0
04/2024,2024,4,CNC,21259.0,13245,24885254849,26.35,64.36,3.4,0.0,0.0,0,0.0,0.0,0.0
04/2024,2024,4,COS,9228.0,6050,10800948958,28.46,80.44,2.6,0.0,0.0,0,0.0,0.0,0.0
04/2024,2024,4,EMC,11721.0,7902,13716442705,23.31,43.17,5.2,0.0,0.0,0,0.0,0.0,0.0
04/2024,2024,4,GSL,1034.0,761,1268331088,21.54,47.32,2.9,0.0,0.0,0,0.0,0.0,0.0
04/2024,2024,4,KMT,1992.0,1448,2527601857,24.11,42.77,2.6,0.0,0.0,0,0.0,0.0,0.0
04/2024,2024,4,LMA,345.0,207,380705529.1,17.9,15.34,5.2,0.0,0.0,0,0.0,0.0,0.0
04/2024,2024,4,MSC,4032.0,2754,4871552782,20.91,50.24,2.9,0.0,0.0,0,0.0,0.0,0.0
04/2024,2024,4,MSK,16631.0,10281,19830327302,29.53,80.39,2.6,0.0,0.0,0,0.0,0.0,0.0
04/2024,2024,4,NSS,775.0,516,913831384.2,24.59,51.38,0,0.0,0.0,0,0.0,0.0,0.0
04/2024,2024,4,ONE,1900.0,1400,2311794746,30.43,63.41,2,0.0,0.0,0,0.0,0.0,0.0
04/2024,2024,4,OOL,1889.0,1210,2167802578,26.01,59.25,2.6,0.0,0.0,0,0.0,0.0,0.0
04/2024,2024,4,RCL,2146.0,1467,2799830053,19.09,31.04,2.6,0.0,0.0,0,0.0,0.0,0.0
04/2024,2024,4,SIT,3197.0,2043,3969310722,17.52,29.64,2.6,0.0,0.0,0,0.0,0.0,0.0
04/2024,2024,4,SSL,18346.0,12444,22258828990,26.12,67.63,0,0.0,0.0,0,0.0,0.0,0.0
04/2024,2024,4,TSL,1530.0,995,1860732173,15.08,32.15,0,0.0,0.0,0,0.0,0.0,0.0
04/2024,2024,4,WHL,4331.0,2857,5331497040,21.64,48.86,2.6,0.0,0.0,0,0.0,0.0,0.0
2024-05-01 00:00:00,2024,5,ANL,445.0,281,574421900.1,19.93,8.86,1,0.0,0.0,0,0.0,0.0,0.0
2024-05-01 00:00:00,2024,5,CMA,1163.0,804,1575586975,17.14,40.78,8,0.0,0.0,0,0.0,0.0,0.0
2024-05-01 00:00:00,2024,5,CNC,24807.0,15631,29125886033,26.81,67.8,1,0.0,0.0,0,0.0,0.0,0.0
2024-05-01 00:00:00,2024,5,COS,10182.0,6586,11788976642,31.43,93.39,2,0.0,0.0,0,0.0,0.0,0.0
2024-05-01 00:00:00,2024,5,EMC,18527.0,12488,21300505112,25.01,49.97,5,0.0,0.0,0,0.0,0.0,0.0
2024-05-01 00:00:00,2024,5,GSL,2641.0,1843,3062752930,20.93,42.11,6,0.0,0.0,0,0.0,0.0,0.0
2024-05-01 00:00:00,2024,5,KMT,2934.0,2055,3714544990,21.05,34.49,2,0.0,0.0,0,0.0,0.0,0.0
2024-05-01 00:00:00,2024,5,LMA,98.0,58,102537145.1,24.48,14.2,2,0.0,0.0,0,0.0,0.0,0.0
2024-05-01 00:00:00,2024,5,MSC,17664.0,11931,21522149399,23.4,57.73,3,0.0,0.0,0,0.0,0.0,0.0
2024-05-01 00:00:00,2024,5,MSK,11035.0,6923,13315891938,29.68,78.6,5,0.0,0.0,0,0.0,0.0,0.0
2024-05-01 00:00:00,2024,5,NSS,1164.0,830,1441342599,17.52,33.59,1,0.0,0.0,0,0.0,0.0,0.0
2024-05-01 00:00:00,2024,5,ONE,7304.0,4671,8180121452,26.74,57.66,2,0.0,0.0,0,0.0,0.0,0.0
2024-05-01 00:00:00,2024,5,OOL,3577.0,2294,3958102769,24.1,64.81,2,0.0,0.0,0,0.0,0.0,0.0
2024-05-01 00:00:00,2024,5,RCL,1027.0,709,1329081750,22.38,49.27,2,0.0,0.0,0,0.0,0.0,0.0
2024-05-01 00:00:00,2024,5,SIT,3175.0,2134,4133137617,19.39,35.43,2,0.0,0.0,0,0.0,0.0,0.0
2024-05-01 00:00:00,2024,5,SSL,18985.0,12532,23079105867,23.56,63.76,0,0.0,0.0,0,0.0,0.0,0.0
2024-05-01 00:00:00,2024,5,TSL,1767.0,1160,2013005040,17.13,47.67,2,0.0,0.0,0,0.0,0.0,0.0
2024-05-01 00:00:00,2024,5,WHL,4466.0,2973,5730080224,19.28,39.33,1,0.0,0.0,0,0.0,0.0,0.0
2024-05-01 00:00:00,2024,5,YML,981.0,695,1212507551,18.04,39.22,1,0.0,0.0,0,0.0,0.0,0.0
2024-05-01 00:00:00,2024,5,BEN,319.0,248,374293916.2,19.06,18.65,0,0.0,0.0,0,0.0,0.0,0.0
2024-06-01 00:00:00,2024,6,ANL,325.0,236,437956775.4,23.47,16.53,1.9,0.0,0.0,0,0.0,0.0,0.0
2024-06-01 00:00:00,2024,6,CMA,1233.0,792,1480738040,27.46,60.85,2,0.0,0.0,0,0.0,0.0,0.0
2024-06-01 00:00:00,2024,6,CNC,19006.0,11791,22901583678,28.2,78.47,2.2,0.0,0.0,0,0.0,0.0,0.0
2024-06-01 00:00:00,2024,6,COS,9296.0,5920,11043073720,26.19,61.63,2.2,0.0,0.0,0,0.0,0.0,0.0
2024-06-01 00:00:00,2024,6,EMC,14594.0,9809,17182142532,28.02,55.58,2.4,0.0,0.0,0,0.0,0.0,0.0
2024-06-01 00:00:00,2024,6,GSL,1473.0,983,1747863094,26.13,59.14,1.7,0.0,0.0,0,0.0,0.0,0.0
2024-06-01 00:00:00,2024,6,KMT,3017.0,2060,4013336098,18.16,32.9,0,0.0,0.0,0,0.0,0.0,0.0
2024-06-01 00:00:00,2024,6,LMA,381.0,239,467234754.6,20.84,14.1,1,0.0,0.0,0,0.0,0.0,0.0
2024-06-01 00:00:00,2024,6,MSC,11716.0,7980,14169615406,28.7,58.58,0.9,0.0,0.0,0,0.0,0.0,0.0
2024-06-01 00:00:00,2024,6,MSK,15659.0,9797,18897424003,27.23,86.86,0,0.0,0.0,0,0.0,0.0,0.0
2024-06-01 00:00:00,2024,6,NSS,1388.0,942,1654330617,19.93,45.2,4.3,0.0,0.0,0,0.0,0.0,0.0
2024-06-01 00:00:00,2024,6,ONE,2345.0,1493,2789972647,26.45,54.73,8.2,0.0,0.0,0,0.0,0.0,0.0
2024-06-01 00:00:00,2024,6,OOL,4340.0,2950,5317579910,21.32,48.71,8.5,0.0,0.0,0,0.0,0.0,0.0
2024-06-01 00:00:00,2024,6,RCL,2596.0,1742,3227901756,21.51,37.33,2.2,0.0,0.0,0,0.0,0.0,0.0
2024-06-01 00:00:00,2024,6,SIT,4208.0,2843,5617006624,19.75,36.62,4.2,0.0,0.0,0,0.0,0.0,0.0
2024-06-01 00:00:00,2024,6,SSL,16571.0,10891,20067424904,26.44,67.74,8.5,0.0,0.0,0,0.0,0.0,0.0
2024-06-01 00:00:00,2024,6,TSL,1619.0,1092,2012710744,16.11,32.45,2.2,0.0,0.0,0,0.0,0.0,0.0
2024-06-01 00:00:00,2024,6,WHL,6371.0,4083,8024013168,18.35,40.69,4.2,0.0,0.0,0,0.0,0.0,0.0
2024-06-01 00:00:00,2024,6,YML,2453.0,1693,2923328625,18.8,42.36,0.666666666666671,0.0,0.0,0,0.0,0.0,0.0
2024-06-01 00:00:00,2024,6,BEN,109.0,92,141506354.3,23.67,22.43,1.5,0.0,0.0,0,0.0,0.0,0.0
2024-06-01 00:00:00,2024,6,MAA,1638.0,851,1657678972,20.98,39.1,0,0.0,0.0,0,0.0,0.0,0.0
2024-07-01 00:00:00,2024,7,ANL,367.0,284,504297859,20.23,10.9,0.9,0.0,0.0,0,0.0,0.0,0.0
2024-07-02 00:00:00,2024,7,BEN,357.0,212,398464005,16.27,17.1,1.5,0.0,0.0,0,0.0,0.0,0.0
2024-07-03 00:00:00,2024,7,CMA,1936.0,1192,2429320974,25.43,42.73,2.1,0.0,0.0,0,0.0,0.0,0.0
2024-07-04 00:00:00,2024,7,CNC,22120.0,13512,26014082132,26.91,70.29,2.7,0.0,0.0,0,0.0,0.0,0.0
2024-07-05 00:00:00,2024,7,COS,13705.0,8588,16417124288,28.04,71.43,2.8,0.0,0.0,0,0.0,0.0,0.0
2024-07-06 00:00:00,2024,7,EMC,14405.0,9143,16635058640,21.42,42.88,2.2,0.0,0.0,0,0.0,0.0,0.0
2024-07-07 00:00:00,2024,7,GSL,2712.0,2011,3369054653,24.77,47.46,2.1,0.0,0.0,0,0.0,0.0,0.0
2024-07-08 00:00:00,2024,7,KMT,2343.0,1643,2995026903,17,34.02,2.2,0.0,0.0,0,0.0,0.0,0.0
2024-07-09 00:00:00,2024,7,LMA,243.0,145,256269776,14.49,15.23,1.2,0.0,0.0,0,0.0,0.0,0.0
2024-07-10 00:00:00,2024,7,MSC,15614.0,10565,18852435321,23.29,52.83,2.4,0.0,0.0,0,0.0,0.0,0.0
2024-07-11 00:00:00,2024,7,MSK,20659.0,12746,24266673085,28.52,80.86,2.9,0.0,0.0,0,0.0,0.0,0.0
2024-07-12 00:00:00,2024,7,NSS,1695.0,1220,2083398676,26.7,54.61,2.2,0.0,0.0,0,0.0,0.0,0.0
2024-07-13 00:00:00,2024,7,ONE,2463.0,1550,2996244853,18.12,35.08,2,0.0,0.0,0,0.0,0.0,0.0
2024-07-14 00:00:00,2024,7,OOL,3124.0,2023,3725697787,24.87,62.01,2.3,0.0,0.0,0,0.0,0.0,0.0
2024-07-15 00:00:00,2024,7,SIT,4018.0,2655,5163091785,23.49,43.16,1.8,0.0,0.0,0,0.0,0.0,0.0
2024-07-16 00:00:00,2024,7,SSL,19709.0,13237,21058925689,25.09,60.9,2.5,0.0,0.0,0,0.0,0.0,0.0
2024-07-17 00:00:00,2024,7,TSL,1976.0,1319,2326672803,20.65,52.19,2.6,0.0,0.0,0,0.0,0.0,0.0
2024-07-18 00:00:00,2024,7,WHL,4578.0,2953,5758162409,20.78,49.48,2.5,0.0,0.0,0,0.0,0.0,0.0
2024-08-01 00:00:00,2024,8,ANL,259.0,191,336643614,20.16,9.22,0.8,0.0,0.0,0,0.0,0.0,0.0
2024-08-01 00:00:00,2024,8,BEN,208.0,124,214103594,24.95,20.22,1.2,0.0,0.0,0,0.0,0.0,0.0
2024-08-01 00:00:00,2024,8,CMA,912.0,612,1114611547,23.18,33.25,2.5,0.0,0.0,0,0.0,0.0,0.0
2024-08-01 00:00:00,2024,8,CNC,30992.0,18234,34465747933,27.2,65.33,0,0.0,0.0,0,0.0,0.0,0.0
2024-08-01 00:00:00,2024,8,COS,8427.0,5638,10054017681,28.05,73.92,3,0.0,0.0,0,0.0,0.0,0.0
2024-08-01 00:00:00,2024,8,EMC,15490.0,10069,18180654126,23.4,46.45,2,0.0,0.0,0,0.0,0.0,0.0
2024-08-01 00:00:00,2024,8,GSL,1180.0,881,1458243558,21.2,39.1,2.1,0.0,0.0,0,0.0,0.0,0.0
2024-08-01 00:00:00,2024,8,KMT,2342.0,1668,2903418544,23.12,39.45,1.9,0.0,0.0,0,0.0,0.0,0.0
2024-08-01 00:00:00,2024,8,LMA,481.0,334,510601671,22.83,23.28,1.1,0.0,0.0,0,0.0,0.0,0.0
2024-08-01 00:00:00,2024,8,MSC,11596.0,7898,13419394404,24.18,50.11,2.4,0.0,0.0,0,0.0,0.0,0.0
2024-08-01 00:00:00,2024,8,MSK,19134.0,12575,22341035403,31.09,78.42,2.7,0.0,0.0,0,0.0,0.0,0.0
2024-08-01 00:00:00,2024,8,NSS,1265.0,842,1456374640,21.78,42.72,2.2,0.0,0.0,0,0.0,0.0,0.0
2024-08-01 00:00:00,2024,8,ONE,4974.0,3069,5855193756,20.95,48.93,2.3,0.0,0.0,0,0.0,0.0,0.0
2024-08-01 00:00:00,2024,8,OOL,3888.0,2500,4543708805,25.57,73.44,2.3,0.0,0.0,0,0.0,0.0,0.0
2024-08-01 00:00:00,2024,8,RCL,894.0,646,1072188885,19.32,39.68,2,0.0,0.0,0,0.0,0.0,0.0
2024-08-01 00:00:00,2024,8,SIT,5452.0,3592,6667188437,17,34.68,1.7,0.0,0.0,0,0.0,0.0,0.0
2024-08-01 00:00:00,2024,8,SSL,19973.0,13389,24009868330,23.62,58.06,2.6,0.0,0.0,0,0.0,0.0,0.0
2024-08-01 00:00:00,2024,8,TSL,1426.0,924,1589458012,17.77,42.91,2.3,0.0,0.0,0,0.0,0.0,0.0
2024-08-01 00:00:00,2024,8,WHL,6173.0,4193,7755517774,21.56,43.18,2.3,0.0,0.0,0,0.0,0.0,0.0
2024-08-01 00:00:00,2024,8,YML,958.0,658,1140330892,19.26,40.87,2.4,0.0,0.0,0,0.0,0.0,0.0
2024-09-01 00:00:00,2024,9,ANL,625.0,462,665972828,20.54,12.59,0.8,0.0,0.0,0,0.0,0.0,0.0
2024-09-01 00:00:00,2024,9,CMA,2403.0,1519,2861638942,20.67,36.97,2.6,0.0,0.0,0,0.0,0.0,0.0
2024-09-01 00:00:00,2024,9,CNC,18852.0,11411,21162513321,28.47,73.53,0,0.0,0.0,0,0.0,0.0,0.0
2024-09-01 00:00:00,2024,9,EMC,16474.0,10280,18561466186,24.69,49.03,2.2,0.0,0.0,0,0.0,0.0,0.0
2024-09-01 00:00:00,2024,9,GSL,1368.0,994,1609744224,23.37,52.9,2.4,0.0,0.0,0,0.0,0.0,0.0
2024-09-01 00:00:00,2024,9,KMT,2657.0,1797,3283409699,21.74,37.45,1.9,0.0,0.0,0,0.0,0.0,0.0
2024-09-01 00:00:00,2024,9,NSS,1372.0,867,1544877019,22.05,54.57,2.6,0.0,0.0,0,0.0,0.0,0.0
2024-09-01 00:00:00,2024,9,ONE,3026.0,1908,3508579410,24.02,45.76,0.9,0.0,0.0,0,0.0,0.0,0.0
2024-09-01 00:00:00,2024,9,RCL,1042.0,697,1300284275,20.06,30.19,2,0.0,0.0,0,0.0,0.0,0.0
2024-09-01 00:00:00,2024,9,SIT,4125.0,2668,4995180741,17.8,32.53,1.9,0.0,0.0,0,0.0,0.0,0.0
2024-09-01 00:00:00,2024,9,TSL,1129.0,723,1300211113,18.29,40.89,2.4,0.0,0.0,0,0.0,0.0,0.0
2024-09-01 00:00:00,2024,9,YML,2335.0,1603,2739440619,20.76,45.22,2.4,0.0,0.0,0,0.0,0.0,0.0
2024-09-01 00:00:00,2024,9,MSK,25379.0,16005,29588269731,28.05,67.53,2.4,0.0,0.0,0,0.0,0.0,0.0
2024-09-01 00:00:00,2024,9,MSC,10519.0,6767,12123887311,22.32,46.97,2.5,0.0,0.0,0,0.0,0.0,0.0
2024-09-01 00:00:00,2024,9,SSL,19886.0,13083,23388138753,22.62,56.96,2.6,0.0,0.0,0,0.0,0.0,0.0
2024-09-01 00:00:00,2024,9,WHL,4438.0,2826,5446516003,19.98,38.83,2.1,0.0,0.0,0,0.0,0.0,0.0
2024-09-01 00:00:00,2024,9,COS,9895.0,6315,11184733110,30.25,82.11,2.6,0.0,0.0,0,0.0,0.0,0.0
2024-09-01 00:00:00,2024,9,OOL,4736.0,3042,5321159656,26.14,74.46,3.2,0.0,0.0,0,0.0,0.0,0.0
2024-09-01 00:00:00,2024,9,LMA,349.0,237,344521585,30.61,33.29,1.4,0.0,0.0,0,0.0,0.0,0.0
2024-09-01 00:00:00,2024,9,BEN,170.0,115,564073228,22.22,20.39,1.4,0.0,0.0,0,0.0,0.0,0.0
2024-10-01 00:00:00,2024,10,ANL,437.0,301,164702920,23.5,14.9,1,0.0,0.0,0,0.0,0.0,0.0
2024-10-01 00:00:00,2024,10,BEN,152.0,94,1109740832,27.89,19,1,0.0,0.0,0,0.0,0.0,0.0
2024-10-01 00:00:00,2024,10,CMA,876.0,589,36141749926,17.16,31.89,2.2,0.0,0.0,0,0.0,0.0,0.0
2024-10-01 00:00:00,2024,10,CNC,30486.0,18868,11479067304,29.19,64.22,2.2,0.0,0.0,0,0.0,0.0,0.0
2024-10-01 00:00:00,2024,10,COS,9734.0,6343,18890495468,27.37,69.36,2.6,0.0,0.0,0,0.0,0.0,0.0
2024-10-01 00:00:00,2024,10,EMC,15908.0,10080,3551179084,25.09,47.73,2,0.0,0.0,0,0.0,0.0,0.0
2024-10-01 00:00:00,2024,10,GSL,2990.0,2100,48093290,26.79,54.54,2.2,0.0,0.0,0,0.0,0.0,0.0
2024-10-01 00:00:00,2024,10,KMT,2152.0,1593,839640380,19.42,33.7,2024-09-01 00:00:00,0.0,0.0,0,0.0,0.0,0.0
2024-10-01 00:00:00,2024,10,LMA,729.0,537,259250047,20.25,18.35,2024-03-01 00:00:00,0.0,0.0,0,0.0,0.0,0.0
2024-10-01 00:00:00,2024,10,MSC,13196.0,8453,22468618258,25.38,55.57,2.6,0.0,0.0,0,0.0,0.0,0.0
2024-10-01 00:00:00,2024,10,MSK,19171.0,11801,1681258088,24.89,71.47,2.9,0.0,0.0,0,0.0,0.0,0.0
2024-10-01 00:00:00,2024,10,NSS,1414.0,904,3459577686,19.93,48.81,2.6,0.0,0.0,0,0.0,0.0,0.0
2024-10-01 00:00:00,2024,10,ONE,2874.0,1914,3855313141,25.83,58.81,2.7,0.0,0.0,0,0.0,0.0,0.0
2024-10-01 00:00:00,2024,10,OOL,3333.0,2128,1863253436,23.22,68.31,2.9,0.0,0.0,0,0.0,0.0,0.0
2024-10-01 00:00:00,2024,10,RCL,1431.0,1070,5313282029,29.6,62.26,2,0.0,0.0,0,0.0,0.0,0.0
2024-10-01 00:00:00,2024,10,SIT,4175.0,2831,385967359,19.65,35.01,1.9,0.0,0.0,0,0.0,0.0,0.0
2024-10-01 00:00:00,2024,10,SSL,20069.0,13504,1979038105,27.42,68.9,2.5,0.0,0.0,0,0.0,0.0,0.0
2024-10-01 00:00:00,2024,10,TSL,1153.0,753,5702927283,21.17,32.13,1.7,0.0,0.0,0,0.0,0.0,0.0
2024-10-01 00:00:00,2024,10,WHL,4462.0,3049,3168196385,20.76,42.44,2.2,0.0,0.0,0,0.0,0.0,0.0
2024-10-01 00:00:00,2024,10,YML,2604.0,1776,177822692,23.42,49.34,2.2,0.0,0.0,0,0.0,0.0,0.0
2024-11-01 00:00:00,2024,11,CMA,2272.0,1453,2867784671,192.16,414.4,2.5,0.0,0.0,0,0.0,0.0,0.0
2024-11-01 00:00:00,2024,11,SSL,22678.0,15554,28212388884,169.56,406.2,2.4,0.0,0.0,0,0.0,0.0,0.0
2024-11-01 00:00:00,2024,11,MSK,16834.0,10410,20548404401,58.76,151,2.7,0.0,0.0,0,0.0,0.0,0.0
2024-11-01 00:00:00,2024,11,EMC,15547.0,9655,18697785354,204.4,395.28,2,0.0,0.0,0,0.0,0.0,0.0
2024-11-01 00:00:00,2024,11,MSC,9743.0,6757,12270592696,23.66,52.76,2.4,0.0,0.0,0,0.0,0.0,0.0
2024-11-01 00:00:00,2024,11,COS,7473.0,5092,9312075735,163.05,414.15,2.6,0.0,0.0,0,0.0,0.0,0.0
2024-11-01 00:00:00,2024,11,WHL,5009.0,3205,6374740548,18.74,39,2.2,0.0,0.0,0,0.0,0.0,0.0
2024-11-01 00:00:00,2024,11,SIT,2477.0,1544,3319791463,50.66,79.52,2.1,0.0,0.0,0,0.0,0.0,0.0
2024-11-01 00:00:00,2024,11,OOL,4280.0,2824,5197148108,258.8,552.6,2.3,0.0,0.0,0,0.0,0.0,0.0
2024-11-01 00:00:00,2024,11,ONE,2365.0,1558,2935521307,216.9,378.36,1.6,0.0,0.0,0,0.0,0.0,0.0
2024-11-01 00:00:00,2024,11,KMT,3374.0,2344,4264093474,87.96,173.52,2,0.0,0.0,0,0.0,0.0,0.0
2024-11-01 00:00:00,2024,11,GSL,1366.0,989,1719845407,169,306.05,2.1,0.0,0.0,0,0.0,0.0,0.0
2024-11-01 00:00:00,2024,11,TSL,1273.0,847,1653928245,172.41,338.24,2.1,0.0,0.0,0,0.0,0.0,0.0
2024-11-01 00:00:00,2024,11,RCL,2936.0,1913,3651793925,213.44,451.2,2,0.0,0.0,0,0.0,0.0,0.0
2024-11-01 00:00:00,2024,11,NSS,1102.0,759,1421078123,132.93,277.55,2.2,0.0,0.0,0,0.0,0.0,0.0
2024-11-01 00:00:00,2024,11,YML,1325.0,928,1633039806,113.25,247,2.2,0.0,0.0,0,0.0,0.0,0.0
2024-11-01 00:00:00,2024,11,ANL,652.0,437,836807024,50.66,44.76,0.9,0.0,0.0,0,0.0,0.0,0.0
2024-11-01 00:00:00,2024,11,LMA,118.0,85,147652930,57.58,44.7,1.3,0.0,0.0,0,0.0,0.0,0.0
2024-11-01 00:00:00,2024,11,BEN,231.0,155,268927283,47.8,24.26,0.8,0.0,0.0,0,0.0,0.0,0.0
2024-12-01 00:00:00,2024,12,CMA,288469.0,178531,340040467321,25,55,2.4,0.0,0.0,0,0.0,0.0,0.0
2024-12-02 00:00:00,2024,12,SSL,240569.0,161359,287071450311,27,64,2.5,0.0,0.0,0,0.0,0.0,0.0
2024-12-03 00:00:00,2024,12,MSK,211877.0,132139,251546902253,28,72,2.6,0.0,0.0,0,0.0,0.0,0.0
2024-12-04 00:00:00,2024,12,EMC,190024.0,123568,220053018582,25,49,1.8,0.0,0.0,0,0.0,0.0,0.0
2024-12-05 00:00:00,2024,12,MSC,140638.0,93949,168986165233,24,52,2.2,0.0,0.0,0,0.0,0.0,0.0
2024-12-06 00:00:00,2024,12,COS,117799.0,76829,139626259541,28,72,2.4,0.0,0.0,0,0.0,0.0,0.0
2024-12-07 00:00:00,2024,12,WHL,64063.0,41766,79314424243,21,44,2,0.0,0.0,0,0.0,0.0,0.0
2024-12-08 00:00:00,2024,12,SIT,48443.0,32005,61491938158,21,37,1.7,0.0,0.0,0,0.0,0.0,0.0
2024-12-09 00:00:00,2024,12,OOL,43840.0,29111,51541590944,25,60,2.3,0.0,0.0,0,0.0,0.0,0.0
2024-12-10 00:00:00,2024,12,ONE,38906.0,25158,46017255364,25,50,1.9,0.0,0.0,0,0.0,0.0,0.0
2024-12-11 00:00:00,2024,12,KMT,31720.0,22179,39877022798,22,39,1.8,0.0,0.0,0,0.0,0.0,0.0
2024-12-12 00:00:00,2024,12,GSL,22138.0,15955,26827636295,24,48,1.8,0.0,0.0,0,0.0,0.0,0.0
2024-12-13 00:00:00,2024,12,TSL,16809.0,11103,20014969926,19,39,1.7,0.0,0.0,0,0.0,0.0,0.0
2024-12-14 00:00:00,2024,12,RCL,17499.0,11975,22187043129,23,41,2,0.0,0.0,0,0.0,0.0,0.0
2024-12-15 00:00:00,2024,12,NSS,15106.0,10109,18115498981,21,43,1.6,0.0,0.0,0,0.0,0.0,0.0
2024-12-16 00:00:00,2024,12,YML,13515.0,9387,16234276521,20,45,2,0.0,0.0,0,0.0,0.0,0.0
2024-12-17 00:00:00,2024,12,ANL,5762.0,3857,7222094624,23,17,0.7,0.0,0.0,0,0.0,0.0,0.0
2024-12-18 00:00:00,2024,12,LMA,3868.0,2619,4288025039,23,21,1.3,0.0,0.0,0,0.0,0.0,0.0
2024-12-19 00:00:00,2024,12,BEN,2319.0,1547,2573938641,22,18,1.4,0.0,0.0,0,0.0,0.0,0.0
2024-12-20 00:00:00,2024,12,HPL,518.0,453,633194545,58,57,1.1,0.0,0.0,0,0.0,0.0,0.0
2024-12-21 00:00:00,2024,12,PIL,0.0,0,0,0,0,0,0.0,0.0,0,0.0,0.0,0.0
2024-12-22 00:00:00,2024,12,KAL,0.0,0,0,0,0,0,0.0,0.0,0,0.0,0.0,0.0
2024-12-23 00:00:00,2024,12,XCL,0.0,0,0,0,0,0,0.0,0.0,0,0.0,0.0,0.0
2024-12-24 00:00:00,2024,12,KSL,0.0,0,0,0,0,0,0.0,0.0,0,0.0,0.0,0.0
2024-12-25 00:00:00,2024,12,ACL,0.0,0,0,0,0,0,0.0,0.0,0,0.0,0.0,0.0
2024-12-26 00:00:00,2024,12,ESL,0.0,0,0,0,0,0,0.0,0.0,0,0.0,0.0,0.0
2025-01-01 00:00:00,2025,1,ACL,0.0,0,0,0,0,0,0.0,0.0,0,0.0,0.0,0.0
2025-01-02 00:00:00,2025,1,ANL,437.0,293,610600926,24,10,0.79,0.0,0.0,0,0.0,0.0,0.0
2025-01-03 00:00:00,2025,1,BEN,87.0,83,112103061,27,15,0.85,0.0,0.0,0,0.0,0.0,0.0
2025-01-04 00:00:00,2025,1,CMA,24830.0,14836,30489971505,24,49,2.2,0.0,0.0,0,0.0,0.0,0.0
2025-01-05 00:00:00,2025,1,COS,13059.0,8181,16224612528,26,67,2.59,0.0,0.0,0,0.0,0.0,0.0
2025-01-06 00:00:00,2025,1,EMC,14121.0,8984,17909297274,23,38,1.83,0.0,0.0,0,0.0,0.0,0.0
2025-01-07 00:00:00,2025,1,ESL,0.0,0,0,0,0,0,0.0,0.0,0,0.0,0.0,0.0
2025-01-08 00:00:00,2025,1,GSL,1146.0,795,1448309400,34,66,2.19,0.0,0.0,0,0.0,0.0,0.0
2025-01-09 00:00:00,2025,1,HPL,0.0,0,0,0,0,0,0.0,0.0,0,0.0,0.0,0.0
2025-01-10 00:00:00,2025,1,KAL,0.0,0,0,0,0,0,0.0,0.0,0,0.0,0.0,0.0
2025-01-11 00:00:00,2025,1,KMT,2672.0,1752,3475561893,19,32,1.99,0.0,0.0,0,0.0,0.0,0.0
2025-01-12 00:00:00,2025,1,KSL,0.0,0,0,0,0,0,0.0,0.0,0,0.0,0.0,0.0
2025-01-13 00:00:00,2025,1,LMA,285.0,244,345970913,17,18,1.15,0.0,0.0,0,0.0,0.0,0.0
2025-01-14 00:00:00,2025,1,MSC,7862.0,4942,9886120752,24,47,2.09,0.0,0.0,0,0.0,0.0,0.0
2025-01-15 00:00:00,2025,1,MSK,13403.0,8199,16872604065,25,68,2.71,0.0,0.0,0,0.0,0.0,0.0
2025-01-16 00:00:00,2025,1,NSS,1237.0,793,1516139195,25,58,2.55,0.0,0.0,0,0.0,0.0,0.0
2025-01-17 00:00:00,2025,1,ONE,2198.0,1399,2785069457,22,39,1.81,0.0,0.0,0,0.0,0.0,0.0
2025-01-18 00:00:00,2025,1,OOL,2710.0,1708,3456437276,18,55,2.59,0.0,0.0,0,0.0,0.0,0.0
2025-01-19 00:00:00,2025,1,PIL,0.0,0,0,0,0,0,0.0,0.0,0,0.0,0.0,0.0
2025-01-20 00:00:00,2025,1,RCL,1257.0,740,1597745063,14,26,1.79,0.0,0.0,0,0.0,0.0,0.0
2025-01-21 00:00:00,2025,1,SIT,3938.0,2549,5144377744,28,38,1.7,0.0,0.0,0,0.0,0.0,0.0
2025-01-22 00:00:00,2025,1,SSL,16612.0,11112,21124299391,29,63,2.29,0.0,0.0,0,0.0,0.0,0.0
2025-01-23 00:00:00,2025,1,TSL,889.0,566,1111047323,21,31,1.64,0.0,0.0,0,0.0,0.0,0.0
2025-01-24 00:00:00,2025,1,WHL,6100.0,3858,8109484957,22,34,1.87,0.0,0.0,0,0.0,0.0,0.0
2025-01-25 00:00:00,2025,1,XCL,0.0,0,0,0,0,0,0.0,0.0,0,0.0,0.0,0.0
2025-01-26 00:00:00,2025,1,YML,2189.0,1553,2787132458,20,41,2.21,0.0,0.0,0,0.0,0.0,0.0
2025-02-26 00:00:00,2025,2,SSL,46959.0,31185,59095243626,28,63,2.4,0.0,0.0,0,0.0,0.0,0.0
2025-02-26 00:00:00,2025,2,CMA,43125.0,25889,53254815984,23,49,1.9,0.0,0.0,0,0.0,0.0,0.0
2025-02-26 00:00:00,2025,2,MSK,28755.0,17969,36378375301,26,68,2.1,0.0,0.0,0,0.0,0.0,0.0
2025-02-26 00:00:00,2025,2,EMC,27834.0,17521,35223920014,25,38,1.8,0.0,0.0,0,0.0,0.0,0.0
2025-02-26 00:00:00,2025,2,COS,22448.0,14118,27971876784,27,67,2.6,0.0,0.0,0,0.0,0.0,0.0
2025-02-26 00:00:00,2025,2,MSC,18609.0,11839,23130752665,24,47,2.1,0.0,0.0,0,0.0,0.0,0.0
2025-02-26 00:00:00,2025,2,WHL,9396.0,5970,12430742267,21,34,1.8,0.0,0.0,0,0.0,0.0,0.0
2025-02-26 00:00:00,2025,2,SIT,7272.0,4670,9479673348,24,38,1.6,0.0,0.0,0,0.0,0.0,0.0
2025-02-26 00:00:00,2025,2,OOL,7122.0,4553,8946605307,23,55,2.1,0.0,0.0,0,0.0,0.0,0.0
2025-02-26 00:00:00,2025,2,KMT,4436.0,3100,5908800641,22,32,1.8,0.0,0.0,0,0.0,0.0,0.0
2025-02-26 00:00:00,2025,2,ONE,3915.0,2531,5013177572,21,39,2.3,0.0,0.0,0,0.0,0.0,0.0
2025-02-26 00:00:00,2025,2,YML,3411.0,2418,4340978276,20,41,2,0.0,0.0,0,0.0,0.0,0.0
2025-02-26 00:00:00,2025,2,NSS,2761.0,1823,3505496314,22,58,2.2,0.0,0.0,0,0.0,0.0,0.0
2025-02-26 00:00:00,2025,2,GSL,2572.0,1841,3354326661,28,66,1.7,0.0,0.0,0,0.0,0.0,0.0
2025-02-26 00:00:00,2025,2,ANL,1610.0,1069,2218344984,24,10,1.2,0.0,0.0,0,0.0,0.0,0.0
2025-02-26 00:00:00,2025,2,RCL,1257.0,740,1597745063,14,26,0,0.0,0.0,0,0.0,0.0,0.0
2025-02-26 00:00:00,2025,2,TSL,889.0,566,1111047323,21,31,0,0.0,0.0,0,0.0,0.0,0.0
2025-02-26 00:00:00,2025,2,LMA,428.0,354,532167764,21,18,0.9,0.0,0.0,0,0.0,0.0,0.0
2025-02-26 00:00:00,2025,2,BEN,393.0,339,532246811,24,15,1.1,0.0,0.0,0,0.0,0.0,0.0
2025-02-27 00:00:00,2025,2,HPL,0.0,0,0,0,0,0,0.0,0.0,0,0.0,0.0,0.0
2025-02-28 00:00:00,2025,2,PIL,0.0,0,0,0,0,0,0.0,0.0,0,0.0,0.0,0.0
2025-02-28 00:00:00,2025,2,KAL,0.0,0,0,0,0,0,0.0,0.0,0,0.0,0.0,0.0
2025-02-28 00:00:00,2025,2,XCL,0.0,0,0,0,0,0,0.0,0.0,0,0.0,0.0,0.0
2025-02-28 00:00:00,2025,2,KSL,0.0,0,0,0,0,0,0.0,0.0,0,0.0,0.0,0.0
2025-02-28 00:00:00,2025,2,ACL,0.0,0,0,0,0,0,0.0,0.0,0,0.0,0.0,0.0
2025-02-28 00:00:00,2025,2,ESL,0.0,0,0,0,0,0,0.0,0.0,0,0.0,0.0,0.0
2025-03-26 00:00:00,2025,3,CMA,65124.0,39398,81900467113,23,47,2.09,0.0,0.0,0,0.0,0.0,0.0
2025-03-26 00:00:00,2025,3,SSL,63449.0,42224,79920236351,28,61,2.23,0.0,0.0,0,0.0,0.0,0.0
2025-03-26 00:00:00,2025,3,MSK,49466.0,31458,63630382416,26,60,1.76,0.0,0.0,0,0.0,0.0,0.0
2025-03-26 00:00:00,2025,3,EMC,42968.0,26943,54567768181,24,38,1.72,0.0,0.0,0,0.0,0.0,0.0
2025-03-26 00:00:00,2025,3,MSC,34247.0,21975,42206962776,25,49,2.02,0.0,0.0,0,0.0,0.0,0.0
2025-03-26 00:00:00,2025,3,COS,31810.0,20060,39761914513,28,65,2.33,0.0,0.0,0,0.0,0.0,0.0
2025-03-26 00:00:00,2025,3,WHL,16331.0,10411,21602281953,20,37,1.93,0.0,0.0,0,0.0,0.0,0.0
2025-03-26 00:00:00,2025,3,SIT,11673.0,7480,15415423484,23,36,1.6,0.0,0.0,0,0.0,0.0,0.0
2025-03-26 00:00:00,2025,3,OOL,10374.0,6644,13069908833,24,52,1.95,0.0,0.0,0,0.0,0.0,0.0
2025-03-26 00:00:00,2025,3,KMT,6622.0,4657,8903759822,21,31,1.78,0.0,0.0,0,0.0,0.0,0.0
2025-03-26 00:00:00,2025,3,ONE,6113.0,3951,7861193828,19,37,2.09,0.0,0.0,0,0.0,0.0,0.0
2025-03-26 00:00:00,2025,3,YML,5665.0,4051,7270711901,19,39,1.8,0.0,0.0,0,0.0,0.0,0.0
2025-03-26 00:00:00,2025,3,GSL,5485.0,3919,7188216936,26,58,1.99,0.0,0.0,0,0.0,0.0,0.0
2025-03-26 00:00:00,2025,3,NSS,4304.0,2791,5512560054,20,49,1.75,0.0,0.0,0,0.0,0.0,0.0
2025-03-26 00:00:00,2025,3,ANL,2527.0,1599,3329226095,23,12,0.96,0.0,0.0,0,0.0,0.0,0.0
2025-03-26 00:00:00,2025,3,TSL,2448.0,1582,3144592746,20,32,1.78,0.0,0.0,0,0.0,0.0,0.0
2025-03-26 00:00:00,2025,3,RCL,2067.0,1252,2659311287,20,29,1.77,0.0,0.0,0,0.0,0.0,0.0
2025-03-26 00:00:00,2025,3,LMA,923.0,714,1179149348,20,17,0.88,0.0,0.0,0,0.0,0.0,0.0
2025-03-26 00:00:00,2025,3,BEN,496.0,420,657189237,24,15,1.4,0.0,0.0,0,0.0,0.0,0.0
2025-03-26 00:00:00,2025,3,HPL,0.0,0,0,0,0,0,0.0,0.0,0,0.0,0.0,0.0
2025-03-26 00:00:00,2025,3,PIL,0.0,0,0,0,0,0,0.0,0.0,0,0.0,0.0,0.0
2025-03-26 00:00:00,2025,3,KAL,0.0,0,0,0,0,0,0.0,0.0,0,0.0,0.0,0.0
2025-03-26 00:00:00,2025,3,XCL,0.0,0,0,0,0,0,0.0,0.0,0,0.0,0.0,0.0
2025-03-26 00:00:00,2025,3,KSL,0.0,0,0,0,0,0,0.0,0.0,0,0.0,0.0,0.0
2025-03-26 00:00:00,2025,3,ACL,0.0,0,0,0,0,0,0.0,0.0,0,0.0,0.0,0.0
2025-03-26 00:00:00,2025,3,ESL,0.0,0,0,0,0,0,0.0,0.0,0,0.0,0.0,0.0
2025-04-26 00:00:00,2025,4,CMA,86479.0,52481,108803545119,24,49,1.326666667,0.0,0.0,0,0.0,0.0,0.0
2025-04-26 00:00:00,2025,4,SSL,83668.0,55985,106821990990,28,61,2.035,0.0,0.0,0,0.0,0.0,0.0
2025-04-26 00:00:00,2025,4,MSK,68853.0,43518,88499771971,26,60,2.035,0.0,0.0,0,0.0,0.0,0.0
2025-04-26 00:00:00,2025,4,EMC,55667.0,34832,71141893582,24,38,2.52,0.0,0.0,0,0.0,0.0,0.0
2025-04-26 00:00:00,2025,4,MSC,46530.0,29816,58277562445,24,50,2.035,0.0,0.0,0,0.0,0.0,0.0
2025-04-26 00:00:00,2025,4,COS,39926.0,25097,49689418657,28,67,2.52,0.0,0.0,0,0.0,0.0,0.0
2025-04-26 00:00:00,2025,4,WHL,20470.0,13055,27183168586,21,37,2.454,0.0,0.0,0,0.0,0.0,0.0
2025-04-26 00:00:00,2025,4,SIT,13341.0,8580,17810938784,22,34,2.035,0.0,0.0,0,0.0,0.0,0.0
2025-04-26 00:00:00,2025,4,OOL,12852.0,8127,16090432202,24,53,2.035,0.0,0.0,0,0.0,0.0,0.0
2025-04-26 00:00:00,2025,4,ONE,9040.0,5821,11738638591,21,40,2.035,0.0,0.0,0,0.0,0.0,0.0
2025-04-26 00:00:00,2025,4,KMT,8578.0,6106,11617582679,20,32,2.035,0.0,0.0,0,0.0,0.0,0.0
2025-04-26 00:00:00,2025,4,GSL,6939.0,4931,9108396433,24,53,2.035,0.0,0.0,0,0.0,0.0,0.0
2025-04-26 00:00:00,2025,4,YML,6803.0,4844,8767185816,20,40,1.74,0.0,0.0,0,0.0,0.0,0.0
2025-04-26 00:00:00,2025,4,NSS,5788.0,3777,7519975491,20,45,2.035,0.0,0.0,0,0.0,0.0,0.0
2025-04-26 00:00:00,2025,4,TSL,3377.0,2187,4338164664,25,39,2.454,0.0,0.0,0,0.0,0.0,0.0
2025-04-26 00:00:00,2025,4,ANL,3349.0,2086,4377800876,23,15,1.27,0.0,0.0,0,0.0,0.0,0.0
2025-04-26 00:00:00,2025,4,RCL,2907.0,1787,3760721801,20,32,2.035,0.0,0.0,0,0.0,0.0,0.0
2025-04-26 00:00:00,2025,4,LMA,1265.0,999,1607231758,21,18,2.035,0.0,0.0,0,0.0,0.0,0.0
2025-04-26 00:00:00,2025,4,BEN,788.0,645,1035767263,25,17,1.326666667,0.0,0.0,0,0.0,0.0,0.0
2025-04-26 00:00:00,2025,4,HPL,0.0,0,Rp -,0,0,0,0.0,0.0,0,0.0,0.0,0.0
2025-04-26 00:00:00,2025,4,PIL,0.0,0,Rp -,0,0,0,0.0,0.0,0,0.0,0.0,0.0
2025-04-26 00:00:00,2025,4,KAL,0.0,0,Rp -,0,0,0,0.0,0.0,0,0.0,0.0,0.0
2025-04-26 00:00:00,2025,4,XCL,0.0,0,Rp -,0,0,0,0.0,0.0,0,0.0,0.0,0.0
2025-04-26 00:00:00,2025,4,KSL,0.0,0,Rp -,0,0,0,0.0,0.0,0,0.0,0.0,0.0
2025-04-26 00:00:00,2025,4,ACL,0.0,0,Rp -,0,0,0,0.0,0.0,0,0.0,0.0,0.0
2025-04-26 00:00:00,2025,4,ESL,0.0,0,Rp -,0,0,0,0.0,0.0,0,0.0,0.0,0.0
2025-05-26 00:00:00,2025,5,CMA,112701.0,68766,141779091316,23,49,2.32,0.0,0.0,0,0.0,0.0,0.0
2025-05-27 00:00:00,2025,5,SSL,104397.0,69619,132692575684,27,60,2.44,0.0,0.0,0,0.0,0.0,0.0
2025-05-28 00:00:00,2025,5,MSK,86872.0,55062,112022225158,25,57,2.12,0.0,0.0,0,0.0,0.0,0.0
2025-05-29 00:00:00,2025,5,EMC,73200.0,45841,93782846154,24,39,2,0.0,0.0,0,0.0,0.0,0.0
2025-05-30 00:00:00,2025,5,MSC,56271.0,36405,71226766602,24,48,1.7,0.0,0.0,0,0.0,0.0,0.0
2025-05-31 00:00:00,2025,5,COS,47515.0,30009,59637853538,27,65,2.33,0.0,0.0,0,0.0,0.0,0.0
2025-05-31 00:00:00,2025,5,WHL,26156.0,16856,35093409543,21,38,2.09,0.0,0.0,0,0.0,0.0,0.0
2025-05-31 00:00:00,2025,5,SIT,19584.0,12723,26264491689,21,35,2.05,0.0,0.0,0,0.0,0.0,0.0
2025-05-31 00:00:00,2025,5,OOL,17780.0,11105,22238355389,23,51,2.06,0.0,0.0,0,0.0,0.0,0.0
2025-05-31 00:00:00,2025,5,ONE,11617.0,7559,15174476510,21,40,2,0.0,0.0,0,0.0,0.0,0.0
2025-05-31 00:00:00,2025,5,KMT,10412.0,7362,14023960562,20,30,1.59,0.0,0.0,0,0.0,0.0,0.0
2025-05-31 00:00:00,2025,5,GSL,8146.0,5809,10705081515,23,51,2.16,0.0,0.0,0,0.0,0.0,0.0
2025-05-31 00:00:00,2025,5,YML,7976.0,5611,10239485596,19,39,2.09,0.0,0.0,0,0.0,0.0,0.0
2025-05-31 00:00:00,2025,5,NSS,7117.0,4761,9263357706,22,48,1.92,0.0,0.0,0,0.0,0.0,0.0
2025-05-31 00:00:00,2025,5,TSL,4815.0,3146,6281610428,22,39,2.4,0.0,0.0,0,0.0,0.0,0.0
2025-05-31 00:00:00,2025,5,RCL,3989.0,2477,5211080725,19,32,2.18,0.0,0.0,0,0.0,0.0,0.0
2025-05-31 00:00:00,2025,5,ANL,3791.0,2384,4976291038,24,14,0.75,0.0,0.0,0,0.0,0.0,0.0
2025-05-31 00:00:00,2025,5,LMA,1484.0,1157,1863827147,20,19,1.87,0.0,0.0,0,0.0,0.0,0.0
2025-05-31 00:00:00,2025,5,BEN,957.0,787,1248330958,25,16,0.86,0.0,0.0,0,0.0,0.0,0.0
2025-05-31 00:00:00,2025,5,HPL,0.0,0,Rp-,0,0,0,0.0,0.0,0,0.0,0.0,0.0
2025-05-31 00:00:00,2025,5,PIL,0.0,0,Rp-,0,0,0,0.0,0.0,0,0.0,0.0,0.0
2025-05-31 00:00:00,2025,5,KAL,0.0,0,Rp-,0,0,0,0.0,0.0,0,0.0,0.0,0.0
2025-05-31 00:00:00,2025,5,XCL,0.0,0,Rp-,0,0,0,0.0,0.0,0,0.0,0.0,0.0
2025-05-31 00:00:00,2025,5,KSL,0.0,0,Rp-,0,0,0,0.0,0.0,0,0.0,0.0,0.0
2025-05-31 00:00:00,2025,5,ACL,0.0,0,Rp-,0,0,0,0.0,0.0,0,0.0,0.0,0.0
2025-05-31 00:00:00,2025,5,ESL,0.0,0,Rp-,0,0,0,0.0,0.0,0,0.0,0.0,0.0
2025-06-30 00:00:00,2025,6,CMA,138919.0,84837,174326999137,24,49,2.12,0.0,0.0,0,0.0,0.0,0.0
2025-06-02 00:00:00,2025,6,SSL,122517.0,81896,155689826518,26,58,2.54,0.0,0.0,0,0.0,0.0,0.0
2025-06-03 00:00:00,2025,6,MSK,107370.0,67927,137661007828,25,57,2.29,0.0,0.0,0,0.0,0.0,0.0
2025-06-04 00:00:00,2025,6,EMC,85432.0,53622,109455883942,24,41,2.09,0.0,0.0,0,0.0,0.0,0.0
2025-06-05 00:00:00,2025,6,MSC,71051.0,46029,89870376944,24,48,2.27,0.0,0.0,0,0.0,0.0,0.0
2025-06-06 00:00:00,2025,6,COS,58214.0,36902,73099020150,26,63,2.4,0.0,0.0,0,0.0,0.0,0.0
2025-06-07 00:00:00,2025,6,WHL,30935.0,19963,41545274074,20,37,0,0.0,0.0,0,0.0,0.0,0.0
2025-06-08 00:00:00,2025,6,SIT,24337.0,15948,32788063770,20,33,1.62,0.0,0.0,0,0.0,0.0,0.0
2025-06-09 00:00:00,2025,6,OOL,22562.0,14042,27945245466,23,51,2.55,0.0,0.0,0,0.0,0.0,0.0
2025-06-04 00:00:00,2025,6,ONE,14258.0,9398,18580848579,22,40,1.78,0.0,0.0,0,0.0,0.0,0.0
2025-06-05 00:00:00,2025,6,KMT,12196.0,8637,16400406108,19,31,2.06,0.0,0.0,0,0.0,0.0,0.0
2025-06-06 00:00:00,2025,6,GSL,9565.0,6830,12617512286,21,48,1.88,0.0,0.0,0,0.0,0.0,0.0
2025-06-07 00:00:00,2025,6,YML,9223.0,6443,11823671477,19,40,2.43,0.0,0.0,0,0.0,0.0,0.0
2025-06-08 00:00:00,2025,6,NSS,8511.0,5691,11052323596,22,47,2.23,0.0,0.0,0,0.0,0.0,0.0
2025-06-09 00:00:00,2025,6,TSL,6456.0,4166,8334757795,22,40,2.28,0.0,0.0,0,0.0,0.0,0.0
2025-06-10 00:00:00,2025,6,RCL,5195.0,3300,6792083860,20,34,1.87,0.0,0.0,0,0.0,0.0,0.0
2025-06-11 00:00:00,2025,6,ANL,4956.0,3081,6504992758,23,14,1.05,0.0,0.0,0,0.0,0.0,0.0
2025-06-12 00:00:00,2025,6,BEN,2057.0,1634,2633508964,24,18,1.66,0.0,0.0,0,0.0,0.0,0.0
2025-06-13 00:00:00,2025,6,LMA,1947.0,1501,2420585906,20,19,1.11,0.0,0.0,0,0.0,0.0,0.0
2025-06-14 00:00:00,2025,6,HPL,0.0,0,Rp-,0,0,0,0.0,0.0,0,0.0,0.0,0.0
2025-06-15 00:00:00,2025,6,PIL,0.0,0,Rp-,0,0,0,0.0,0.0,0,0.0,0.0,0.0
2025-06-16 00:00:00,2025,6,KAL,0.0,0,Rp-,0,0,0,0.0,0.0,0,0.0,0.0,0.0
2025-06-17 00:00:00,2025,6,XCL,0.0,0,Rp-,0,0,0,0.0,0.0,0,0.0,0.0,0.0
2025-06-18 00:00:00,2025,6,KSL,0.0,0,Rp-,0,0,0,0.0,0.0,0,0.0,0.0,0.0
2025-06-19 00:00:00,2025,6,ACL,0.0,0,Rp-,0,0,0,0.0,0.0,0,0.0,0.0,0.0
2025-06-19 00:00:00,2025,6,ESL,0.0,0,Rp-,0,0,0,0.0,0.0,0,0.0,0.0,0.0
2025-07-01 00:00:00,2025,7,CMA,159201.0,97737,199709949596,23,48,7.08,0.0,0.0,0,0.0,0.0,0.0
2025-07-02 00:00:00,2025,7,SSL,147788.0,98555,186954677288,25,58,5.48,0.0,0.0,0,0.0,0.0,0.0
2025-07-03 00:00:00,2025,7,MSK,127500.0,80342,162800576811,25,56,4.82,0.0,0.0,0,0.0,0.0,0.0
2025-07-04 00:00:00,2025,7,EMC,103404.0,64860,132167784019,23,41,8.97,0.0,0.0,0,0.0,0.0,0.0
2025-07-05 00:00:00,2025,7,MSC,82670.0,53798,104859432476,23,47,4.72,0.0,0.0,0,0.0,0.0,0.0
2025-07-06 00:00:00,2025,7,COS,64321.0,41001,80898306552,26,62,5.33,0.0,0.0,0,0.0,0.0,0.0
2025-07-07 00:00:00,2025,7,WHL,36075.0,23379,48514142222,20,37,4.36,0.0,0.0,0,0.0,0.0,0.0
2025-07-08 00:00:00,2025,7,SIT,28252.0,18571,38030796871,20,34,4.32,0.0,0.0,0,0.0,0.0,0.0
2025-07-09 00:00:00,2025,7,OOL,28403.0,17746,35228020961,22,50,6.9,0.0,0.0,0,0.0,0.0,0.0
2025-07-10 00:00:00,2025,7,ONE,18081.0,11839,23442766138,21,41,4.76,0.0,0.0,0,0.0,0.0,0.0
2025-07-11 00:00:00,2025,7,KMT,13362.0,9455,17958774524,20,31,1.7,0.0,0.0,0,0.0,0.0,0.0
2025-07-12 00:00:00,2025,7,GSL,10818.0,7710,14225546008,22,48,2.18,0.0,0.0,0,0.0,0.0,0.0
2025-07-13 00:00:00,2025,7,YML,9223.0,6443,11823671477,19,40,0,0.0,0.0,0,0.0,0.0,0.0
2025-07-14 00:00:00,2025,7,NSS,9960.0,6732,12948902870,21,46,2.53,0.0,0.0,0,0.0,0.0,0.0
2025-07-15 00:00:00,2025,7,TSL,7999.0,5173,10320636410,21,39,2.09,0.0,0.0,0,0.0,0.0,0.0
2025-07-16 00:00:00,2025,7,RCL,6304.0,4029,8195680818,20,36,2.64,0.0,0.0,0,0.0,0.0,0.0
2025-07-17 00:00:00,2025,7,ANL,6010.0,3759,7738452409,23,16,2.79,0.0,0.0,0,0.0,0.0,0.0
2025-07-18 00:00:00,2025,7,BEN,2552.0,2049,3249214523,24,18,1.21,0.0,0.0,0,0.0,0.0,0.0
2025-07-19 00:00:00,2025,7,LMA,2139.0,1664,2671986260,19,19,1.25,0.0,0.0,0,0.0,0.0,0.0
2025-07-20 00:00:00,2025,7,HPL,0.0,0,Rp -,0,0,0,0.0,0.0,0,0.0,0.0,0.0
2025-07-21 00:00:00,2025,7,PIL,4109.0,2843,5527944407,24,54,2.23,0.0,0.0,0,0.0,0.0,0.0
2025-07-22 00:00:00,2025,7,KAL,0.0,0,Rp -,0,0,0,0.0,0.0,0,0.0,0.0,0.0
2025-07-23 00:00:00,2025,7,XCL,1055.0,711,1420152732,16,39,2.62,0.0,0.0,0,0.0,0.0,0.0
2025-07-24 00:00:00,2025,7,KSL,0.0,0,Rp -,0,0,0,0.0,0.0,0,0.0,0.0,0.0
2025-07-25 00:00:00,2025,7,ACL,0.0,0,Rp -,0,0,0,0.0,0.0,0,0.0,0.0,0.0
2025-07-26 00:00:00,2025,7,ESL,0.0,0,Rp -,0,0,0,0.0,0.0,0,0.0,0.0,0.0
2025-08-01 00:00:00,2025,8,CMA,175722.0,108019,220312756634,23,48,2,0.0,0.0,0,0.0,0.0,0.0
2025-08-02 00:00:00,2025,8,SSL,166221.0,110476,209577661020,24,57,6,0.0,0.0,0,0.0,0.0,0.0
2025-08-03 00:00:00,2025,8,MSK,146874.0,92451,187064048235,25,57,5,0.0,0.0,0,0.0,0.0,0.0
2025-08-04 00:00:00,2025,8,EMC,118712.0,74516,151719479483,24,42,8,0.0,0.0,0,0.0,0.0,0.0
2025-08-05 00:00:00,2025,8,MSC,93584.0,61061,119162078468,23,47,5,0.0,0.0,0,0.0,0.0,0.0
2025-08-06 00:00:00,2025,8,COS,71988.0,46053,90355428471,26,64,6,0.0,0.0,0,0.0,0.0,0.0
2025-08-07 00:00:00,2025,8,WHL,41015.0,26574,54985397529,20,38,2,0.0,0.0,0,0.0,0.0,0.0
2025-08-08 00:00:00,2025,8,OOL,35929.0,22736,44885558530,22,49,7.1,0.0,0.0,0,0.0,0.0,0.0
2025-08-09 00:00:00,2025,8,SIT,32300.0,21236,43489468241,20,34,4,0.0,0.0,0,0.0,0.0,0.0
2025-08-10 00:00:00,2025,8,ONE,20448.0,13457,26484804419,22,42,4.3,0.0,0.0,0,0.0,0.0,0.0
2025-08-11 00:00:00,2025,8,KMT,15193.0,10774,20363838500,20,33,2,0.0,0.0,0,0.0,0.0,0.0
2025-08-12 00:00:00,2025,8,GSL,12265.0,8723,16112187621,22,48,2.3,0.0,0.0,0,0.0,0.0,0.0
2025-08-13 00:00:00,2025,8,NSS,11285.0,7626,14682715794,20,45,2.6,0.0,0.0,0,0.0,0.0,0.0
2025-08-14 00:00:00,2025,8,TSL,10763.0,7054,13958305855,21,39,2,0.0,0.0,0,0.0,0.0,0.0
2025-08-15 00:00:00,2025,8,YML,10341.0,7244,13222901649,20,43,3,0.0,0.0,0,0.0,0.0,0.0
2025-08-16 00:00:00,2025,8,RCL,7278.0,4689,9485030659,20,37,2,0.0,0.0,0,0.0,0.0,0.0
2025-08-17 00:00:00,2025,8,ANL,6657.0,4270,8572976154,22,16,3,0.0,0.0,0,0.0,0.0,0.0
2025-08-18 00:00:00,2025,8,PIL,6056.0,4163,8046953272,26,57,1.8,0.0,0.0,0,0.0,0.0,0.0
2025-08-19 00:00:00,2025,8,BEN,2757.0,2209,3510517759,22,18,1,0.0,0.0,0,0.0,0.0,0.0
2025-08-20 00:00:00,2025,8,LMA,2494.0,1941,3136783476,19,19,1,0.0,0.0,0,0.0,0.0,0.0
2025-08-21 00:00:00,2025,8,HMM,1590.0,1029,2142399608,27,48,2.7,0.0,0.0,0,0.0,0.0,0.0
2025-08-22 00:00:00,2025,8,XCL,1055.0,711,1420152732,16,39,0,0.0,0.0,0,0.0,0.0,0.0
2025-08-23 00:00:00,2025,8,HPL,0.0,0,Rp -,0,0,0,0.0,0.0,0,0.0,0.0,0.0
2025-08-24 00:00:00,2025,8,KAL,0.0,0,Rp -,0,0,0,0.0,0.0,0,0.0,0.0,0.0
2025-08-25 00:00:00,2025,8,KSL,0.0,0,Rp -,0,0,0,0.0,0.0,0,0.0,0.0,0.0
2025-08-26 00:00:00,2025,8,ACL,0.0,0,Rp -,0,0,0,0.0,0.0,0,0.0,0.0,0.0
2025-08-27 00:00:00,2025,8,ESL,0.0,0,Rp -,0,0,0,0.0,0.0,0,0.0,0.0,0.0
2025-09-01 00:00:00,2025,9,CMA,192255.0,118332,241512687122,22,48,,0.0,0.0,0,0.0,0.0,0.0
2025-09-01 00:00:00,2025,9,SSL,182147.0,120535,229151805870,24,57,,0.0,0.0,0,0.0,0.0,0.0
2025-09-01 00:00:00,2025,9,MSK,168954.0,106169,214917664118,25,57,,0.0,0.0,0,0.0,0.0,0.0
2025-09-01 00:00:00,2025,9,EMC,132377.0,83010,169257206395,24,43,,0.0,0.0,0,0.0,0.0,0.0
2025-09-01 00:00:00,2025,9,MSC,105144.0,69136,134696567551,23,47,,0.0,0.0,0,0.0,0.0,0.0
2025-09-01 00:00:00,2025,9,COS,81077.0,52047,102043101246,26,65,,0.0,0.0,0,0.0,0.0,0.0
2025-09-01 00:00:00,2025,9,WHL,45695.0,29665,61233779494,20,40,,0.0,0.0,0,0.0,0.0,0.0
2025-09-01 00:00:00,2025,9,OOL,43695.0,27978,55135677982,22,49,,0.0,0.0,0,0.0,0.0,0.0
2025-09-01 00:00:00,2025,9,SIT,36517.0,24198,49420184761,20,37,,0.0,0.0,0,0.0,0.0,0.0
2025-09-01 00:00:00,2025,9,ONE,23077.0,15174,29899542059,22,42,,0.0,0.0,0,0.0,0.0,0.0
2025-09-01 00:00:00,2025,9,KMT,17166.0,12194,23042814621,20,34,,0.0,0.0,0,0.0,0.0,0.0
2025-09-01 00:00:00,2025,9,GSL,15252.0,10825,20029763488,21,47,,0.0,0.0,0,0.0,0.0,0.0
2025-09-01 00:00:00,2025,9,NSS,12977.0,8732,16785476733,20,45,,0.0,0.0,0,0.0,0.0,0.0
2025-09-01 00:00:00,2025,9,TSL,10763.0,7054,13958305855,21,39,,0.0,0.0,0,0.0,0.0,0.0
2025-09-01 00:00:00,2025,9,YML,11521.0,8070,14764432569,20,43,,0.0,0.0,0,0.0,0.0,0.0
2025-09-01 00:00:00,2025,9,RCL,7278.0,4689,9485030659,20,37,,0.0,0.0,0,0.0,0.0,0.0
2025-09-01 00:00:00,2025,9,ANL,8383.0,5386,10878550861,23,17,,0.0,0.0,0,0.0,0.0,0.0
2025-09-01 00:00:00,2025,9,PIL,10744.0,7316,14257385524,25,54,,0.0,0.0,0,0.0,0.0,0.0
2025-09-01 00:00:00,2025,9,BEN,3152.0,2537,4006734251,22,18,,0.0,0.0,0,0.0,0.0,0.0
2025-09-01 00:00:00,2025,9,LMA,2637.0,2057,3324841130,19,18,,0.0,0.0,0,0.0,0.0,0.0
2025-09-01 00:00:00,2025,9,HMM,3204.0,2153,4350261439,30,57,,0.0,0.0,0,0.0,0.0,0.0
2025-09-01 00:00:00,2025,9,XCL,3804.0,2585,5064917456,18,42,,0.0,0.0,0,0.0,0.0,0.0
2025-09-01 00:00:00,2025,9,HPL,0.0,0,Rp-,0,0,0,0.0,0.0,0,0.0,0.0,0.0
2025-09-01 00:00:00,2025,9,KAL,0.0,0,Rp-,0,0,0,0.0,0.0,0,0.0,0.0,0.0
2025-09-01 00:00:00,2025,9,KSL,0.0,0,Rp-,0,0,0,0.0,0.0,0,0.0,0.0,0.0
2025-09-01 00:00:00,2025,9,ACL,0.0,0,Rp-,0,0,0,0.0,0.0,0,0.0,0.0,0.0
2025-09-01 00:00:00,2025,9,ESL,0.0,0,Rp-,0,0,0,0.0,0.0,0,0.0,0.0,0.0
2025-10-01 00:00:00,2025,10,CMA,213136.0,131626,268745011756,22,48,2025-01-02 00:00:00,,,,,,
2025-10-02 00:00:00,2025,10,SSL,207722.0,137357,261374819728,23,56,2025-05-02 00:00:00,,,,,,
2025-10-03 00:00:00,2025,10,MSK,188745.0,118632,240444809867,25,56,2025-03-02 00:00:00,,,,,,
2025-10-04 00:00:00,2025,10,EMC,149251.0,93516,190972453876,24,43,2.0,,,,,,
2025-10-05 00:00:00,2025,10,MSC,123753.0,81262,158165674386,22,47,2025-03-02 00:00:00,,,,,,
2025-10-06 00:00:00,2025,10,COS,83368.0,53583,105125616223,26,62,2025-06-02 00:00:00,,,,,,
2025-10-07 00:00:00,2025,10,WHL,51236.0,32968,65038282033,22,49,2025-01-02 00:00:00,,,,,,
2025-10-08 00:00:00,2025,10,OOL,46832.0,30431,62745782405,20,41,2025-03-02 00:00:00,,,,,,
2025-10-09 00:00:00,2025,10,SIT,40194.0,26753,54592096583,20,37,2025-09-01 00:00:00,,,,,,
2025-10-10 00:00:00,2025,10,ONE,27051.0,17659,35093899019,21,42,2025-01-02 00:00:00,,,,,,
2025-10-11 00:00:00,2025,10,KMT,18518.0,13186,24910190520,20,34,2025-09-01 00:00:00,,,,,,
2025-10-12 00:00:00,2025,10,GSL,16569.0,11782,21780625622,21,47,2025-01-02 00:00:00,,,,,,
2025-10-13 00:00:00,2025,10,NSS,16327.0,11085,21618196265,25,55,2025-03-02 00:00:00,,,,,,
2025-10-14 00:00:00,2025,10,TSL,14435.0,9716,18740765264,20,45,2.0,,,,,,
2025-10-15 00:00:00,2025,10,YML,12733.0,8936,16348979910,21,43,2025-01-02 00:00:00,,,,,,
2025-10-16 00:00:00,2025,10,RCL,0.0,7980,15728673658,22,40,2025-01-02 00:00:00,,,,,,
2025-10-17 00:00:00,2025,10,ANL,9447.0,6158,12140188204,23,18,2025-02-01 00:00:00,,,,,,
2025-10-18 00:00:00,2025,10,PIL,8553.0,5523,11147069734,21,40,2025-02-02 00:00:00,,,,,,
2025-10-19 00:00:00,2025,10,BEN,5540.0,3785,7266314820,19,44,2025-03-01 00:00:00,,,,,,
2025-10-20 00:00:00,2025,10,LMA,5198.0,3472,6953776099,31,61,2025-01-01 00:00:00,,,,,,
2025-10-21 00:00:00,2025,10,HMM,3342.0,2688,4240756765,22,19,2025-04-02 00:00:00,,,,,,
2025-10-22 00:00:00,2025,10,XCL,2922.0,2297,3749593716,19,18,2025-04-02 00:00:00,,,,,,
2025-10-23 00:00:00,2025,10,HPL,0.0,0,Rp-,0,0,0,0.0,0.0,0,0.0,0.0,0.0
2025-10-24 00:00:00,2025,10,KAL,0.0,0,Rp-,0,0,0,0.0,0.0,0,0.0,0.0,0.0
2025-10-25 00:00:00,2025,10,KSL,0.0,0,Rp-,0,0,0,0.0,0.0,0,0.0,0.0,0.0
2025-10-26 00:00:00,2025,10,ACL,0.0,0,Rp-,0,0,0,0.0,0.0,0,0.0,0.0,0.0
2025-10-27 00:00:00,2025,10,ESL,0.0,0,Rp-,0,0,0,0.0,0.0,0,0.0,0.0,0.0
2025-11-01 00:00:00,2025,11,CMA,233870.0,144324,295364202738,22,48,2.137857143,,,,,,
2025-11-02 00:00:00,2025,11,SSL,230837.0,152225,290433413700,23,56,2.539473684,,,,,,
2025-11-03 00:00:00,2025,11,MSK,208026.0,130640,265092111283,25,56,2.280692308,,,,,,
2025-11-04 00:00:00,2025,11,EMC,164215.0,102848,210465601448,23,43,2.021647059,,,,,,
2025-11-05 00:00:00,2025,11,MSC,137387.0,90484,176156321408,22,47,2.258024691,,,,,,
2025-11-06 00:00:00,2025,11,COS,85434.0,55034,108091818703,27,63,2.560625,,,,,,
2025-11-07 00:00:00,2025,11,WHL,58563.0,37834,74722665837,22,49,2.247727273,,,,,,
2025-11-08 00:00:00,2025,11,OOL,48404.0,31352,64751062751,20,41,2.072926829,,,,,,
2025-11-09 00:00:00,2025,11,SIT,44712.0,29803,60892067122,20,37,1.91440678,,,,,,
2025-11-10 00:00:00,2025,11,ONE,29601.0,19310,38496104343,21,41,2.1424,,,,,,
2025-11-11 00:00:00,2025,11,KMT,19225.0,13690,25853351528,19,33,1.927333333,,,,,,
2025-11-12 00:00:00,2025,11,GSL,17981.0,12745,23625636295,21,46,2.107692308,,,,,,
2025-11-13 00:00:00,2025,11,NSS,20144.0,13643,26533964210,25,54,2.2075,,,,,,
2025-11-14 00:00:00,2025,11,TSL,15653.0,10566,20401937727,20,44,2.265454545,,,,,,
2025-11-15 00:00:00,2025,11,YML,13925.0,9765,17878363112,21,43,2.14,,,,,,
2025-11-16 00:00:00,2025,11,RCL,14073.0,9392,18486787379,23,43,2.072,,,,,,
2025-11-17 00:00:00,2025,11,ANL,11570.0,7624,14849730111,23,18,1.1928,,,,,,
2025-11-18 00:00:00,2025,11,PIL,9893.0,6339,12899908185,21,40,2.135555556,,,,,,
2025-11-19 00:00:00,2025,11,BEN,5540.0,3785,7266314820,19,44,2.435,,,,,,
2025-11-20 00:00:00,2025,11,LMA,7582.0,5119,9990034777,30,60,2.385,,,,,,
2025-11-21 00:00:00,2025,11,HMM,3801.0,3025,4911744900,21,19,1.324736842,,,,,,
2025-11-22 00:00:00,2025,11,XCL,3104.0,2451,4000473412,19,18,1.158823529,,,,,,
2025-11-23 00:00:00,2025,11,HPL,0.0,0,Rp-,0,0,0,0.0,0.0,0,0.0,0.0,0.0
2025-11-24 00:00:00,2025,11,KAL,0.0,0,Rp-,0,0,0,0.0,0.0,0,0.0,0.0,0.0
2025-11-25 00:00:00,2025,11,KSL,0.0,0,Rp-,0,0,0,0.0,0.0,0,0.0,0.0,0.0
2025-11-26 00:00:00,2025,11,ACL,0.0,0,Rp-,0,0,0,0.0,0.0,0,0.0,0.0,0.0
2025-11-27 00:00:00,2025,11,ESL,0.0,0,Rp-,0,0,0,0.0,0.0,0,0.0,0.0,0.0
2025-12-27 00:00:00,2025,12,SSL,252861.0,166254,318398030549,23,55,2.5,0.0,0.0,0,0.0,0.0,0.0
2025-12-28 00:00:00,2025,12,CMA,252149.0,155574,318924630584,22,48,4.5,0.0,0.0,0,0.0,0.0,0.0
2025-12-29 00:00:00,2025,12,MSK,227683.0,143117,290762636078,25,55,2.2,0.0,0.0,0,0.0,0.0,0.0
2025-12-30 00:00:00,2025,12,EMC,181312.0,113187,232519057245,23,43,2,0.0,0.0,0,0.0,0.0,0.0
2025-12-31 00:00:00,2025,12,MSC,151793.0,100150,195417821722,22,47,2.3,0.0,0.0,0,0.0,0.0,0.0
2025-12-31 00:00:00,2025,12,COS,87204.0,56213,110490863862,27,62,2.5,0.0,0.0,0,0.0,0.0,0.0
2025-12-31 00:00:00,2025,12,OOL,66352.0,42871,84943846893,22,49,2.2,0.0,0.0,0,0.0,0.0,0.0
2025-12-31 00:00:00,2025,12,WHL,50287.0,32464,67163625708,21,42,2.1,0.0,0.0,0,0.0,0.0,0.0
2025-12-31 00:00:00,2025,12,SIT,48110.0,32127,65590563958,20,37,1.9,0.0,0.0,0,0.0,0.0,0.0
2025-12-31 00:00:00,2025,12,ONE,31927.0,20704,41520344556,21,41,2.1,0.0,0.0,0,0.0,0.0,0.0
2025-12-31 00:00:00,2025,12,PIL,25904.0,17401,33891917563,25,54,2.2,0.0,0.0,0,0.0,0.0,0.0
2025-12-31 00:00:00,2025,12,KMT,20990.0,14944,28189352252,20,33,1.9,0.0,0.0,0,0.0,0.0,0.0
2025-12-31 00:00:00,2025,12,GSL,19277.0,13599,25300209121,21,45,2.1,0.0,0.0,0,0.0,0.0,0.0
2025-12-31 00:00:00,2025,12,NSS,17294.0,11674,22622696127,19,44,2.3,0.0,0.0,0,0.0,0.0,0.0
2025-12-31 00:00:00,2025,12,YML,16650.0,11563,21328679496,21,43,2.1,0.0,0.0,0,0.0,0.0,0.0
2025-12-31 00:00:00,2025,12,TSL,15724.0,10522,20721957269,23,43,2.1,0.0,0.0,0,0.0,0.0,0.0
2025-12-31 00:00:00,2025,12,RCL,12861.0,8184,16726387404,20,40,2.2,0.0,0.0,0,0.0,0.0,0.0
2025-12-31 00:00:00,2025,12,ANL,12270.0,8080,15851891087,22,18,1.2,0.0,0.0,0,0.0,0.0,0.0
2025-12-31 00:00:00,2025,12,HMM,10275.0,6938,13585983602,29,58,2.4,0.0,0.0,0,0.0,0.0,0.0
2025-12-31 00:00:00,2025,12,XCL,6791.0,4614,8935361815,20,45,2.4,0.0,0.0,0,0.0,0.0,0.0
2025-12-31 00:00:00,2025,12,BEN,4042.0,3210,5237612965,21,18,1.3,0.0,0.0,0,0.0,0.0,0.0
2025-12-31 00:00:00,2025,12,LMA,3530.0,2796,4564244573,18,18,1.2,0.0,0.0,0,0.0,0.0,0.0
2025-12-31 00:00:00,2025,12,HPL,0.0,0,Rp-,0,0,0,0.0,0.0,0,0.0,0.0,0.0
2025-12-31 00:00:00,2025,12,KAL,0.0,0,Rp-,0,0,0,0.0,0.0,0,0.0,0.0,0.0
2025-12-31 00:00:00,2025,12,KSL,0.0,0,Rp-,0,0,0,0.0,0.0,0,0.0,0.0,0.0
2025-12-31 00:00:00,2025,12,ACL,0.0,0,Rp-,0,0,0,0.0,0.0,0,0.0,0.0,0.0
2025-12-31 00:00:00,2025,12,ESL,0.0,0,Rp-,0,0,0,0.0,0.0,0,0.0,0.0,0.0
2026-01-01 00:00:00,2026,1,CMA,21501.0,12676,26276836436,18,39,1.82,,,,,,
2026-01-02 00:00:00,2026,1,EMC,17186.0,10542,21323730981,23,35,1.85,,,,,,
2026-01-03 00:00:00,2026,1,SSL,16993.0,10768,21580551336,19,47,2.59,,,,,,
2026-01-04 00:00:00,2026,1,MSK,16404.0,10400,21099007585,22,40,1.99,,,,,,
2026-01-05 00:00:00,2026,1,MSC,10541.0,6769,13476644510,24,38,1.77,,,,,,
2026-01-06 00:00:00,2026,1,OOL,4841.0,3070,6399745344,21,40,1.96,,,,,,
2026-01-07 00:00:00,2026,1,PIL,4760.0,3055,5910536314,21,32,1.63,,,,,,
2026-01-08 00:00:00,2026,1,COS,4470.0,2727,5334462095,29,49,1.47,,,,,,
2026-01-09 00:00:00,2026,1,SIT,1920.0,1196,2622643159,14,28,1.95,,,,,,
2026-01-10 00:00:00,2026,1,KMT,1726.0,1195,2276685679,14,23,1.78,,,,,,
2026-01-11 00:00:00,2026,1,TSL,1597.0,1013,2001937101,14,32,2.37,,,,,,
2026-01-12 00:00:00,2026,1,WHL,1544.0,965,2041758955,20,29,1.65,,,,,,
2026-01-13 00:00:00,2026,1,RCL,1418.0,957,1807058864,19,31,1.65,,,,,,
2026-01-14 00:00:00,2026,1,ANL,1329.0,834,1612482603,21,20,1.19,,,,,,
2026-01-15 00:00:00,2026,1,YML,1328.0,925,1690462129,25,53,2.27,,,,,,
2026-01-16 00:00:00,2026,1,GSL,1327.0,883,1671190642,31,50,1.68,,,,,,
2026-01-17 00:00:00,2026,1,ONE,900.0,544,1185026863,15,33,2.46,,,,,,
2026-01-18 00:00:00,2026,1,XCL,878.0,618,1102248690,22,23,1.17,,,,,,
2026-01-19 00:00:00,2026,1,BEN,290.0,229,344491331,19,23,1.58,,,,,,
2026-01-20 00:00:00,2026,1,LMA,237.0,197,279462236,22,18,1.16,,,,,,
2026-01-21 00:00:00,2026,1,NSS,0.0,0,Rp -,0,0,0,,,,,,
2026-01-22 00:00:00,2026,1,HMM,0.0,0,Rp -,0,0,0,,,,,,
2026-01-23 00:00:00,2026,1,HPL,0.0,0,Rp -,0,0,0,,,,,,
2026-01-24 00:00:00,2026,1,KAL,0.0,0,Rp -,0,0,0,,,,,,
2026-01-25 00:00:00,2026,1,KSL,0.0,0,Rp -,0,0,0,,,,,,
2026-01-26 00:00:00,2026,1,ACL,0.0,0,Rp -,0,0,0,,,,,,
2026-01-27 00:00:00,2026,1,ESL,0.0,0,Rp -,0,0,0,,,,,,
