DATE,YEAR,MONTH,LOP,TEUS,BOX,DPP,BCH,BSH
2023-01-01 00:00:00,2023,1,EMC,14609.0,9643,16341982320.0,28.8,48.32
2023-01-02 00:00:00,2023,1,SSL,14466.0,9926,16655410181.0,36.4,83.92
2023-01-03 00:00:00,2023,1,CNC,11401.0,7403,12972661683.0,31.5,54.21
2023-01-04 00:00:00,2023,1,MSC,11061.0,7657,13168083042.0,29,52.13
2023-01-05 00:00:00,2023,1,MSK,9145.0,5700,10435664983.0,28.8,74.83
2023-01-06 00:00:00,2023,1,COS,8393.0,5678,9725904427.0,32.7,68.11
2023-01-07 00:00:00,2023,1,WHL,7155.0,4721,8407390538.0,26.5,42.46
2023-01-08 00:00:00,2023,1,PIL,5757.0,3893,6714230932.0,31,57.22
2023-01-09 00:00:00,2023,1,RCL,3889.0,2691,4541270822.0,23.9,42.06
2023-01-10 00:00:00,2023,1,SIT,3208.0,2210,3936766752.0,24,30.29
2023-01-11 00:00:00,2023,1,CMA,3191.0,2219,3599164731.0,26.9,63.15
2023-01-12 00:00:00,2023,1,YML,2132.0,1400,2349174700.0,27.3,45.25
2023-01-13 00:00:00,2023,1,KMT,1305.0,909,1552933479.0,33,49.57
2023-01-14 00:00:00,2023,1,GSL,1210.0,802,1326466739.0,34.2,60.8
2023-01-15 00:00:00,2023,1,OOL,975.0,690,1125059378.0,34.6,72.74
2023-01-15 00:00:00,2023,1,ONE,911.0,643,1087991525.0,25.1,48.71
2023-02-01 00:00:00,2023,2,MSK,13960.0,8933,15836582394.0,32,67.57
2023-02-02 00:00:00,2023,2,SSL,12920.0,8370,14457141551.0,33.7,81.39
2023-02-03 00:00:00,2023,2,EMC,12126.0,8386,13294331286.0,32.8,56.29
2023-02-04 00:00:00,2023,2,COS,10441.0,6975,11775696904.0,31,64.34
2023-02-05 00:00:00,2023,2,CNC,10031.0,6554,11236123104.0,28.8,45.8
2023-02-06 00:00:00,2023,2,MSC,8400.0,5950,10009211505.0,29.1,45.78
2023-02-07 00:00:00,2023,2,WHL,7406.0,4639,8221317255.0,24.4,39.45
2023-02-08 00:00:00,2023,2,RCL,6379.0,4462,7159027892.0,23,44.07
2023-02-09 00:00:00,2023,2,OOL,2465.0,1627,2745250265.0,27.3,51.77
2023-02-10 00:00:00,2023,2,KMT,2410.0,1778,2897676897.0,23.6,38.54
2023-02-11 00:00:00,2023,2,CMA,2389.0,1678,2650267790.0,36.1,77.54
2023-02-12 00:00:00,2023,2,SIT,2332.0,1656,2825192352.0,23.1,24.6
2023-02-13 00:00:00,2023,2,PIL,1719.0,1294,2007119933.0,30.1,39.33
2023-02-14 00:00:00,2023,2,YML,1247.0,813,1325166166.0,28.9,55.87
2023-02-15 00:00:00,2023,2,GSL,1232.0,880,1370211811.0,38.6,61.9
2023-02-16 00:00:00,2023,2,ONE,969.0,625,1145881559.0,22.8,30.15
2023-03-01 00:00:00,2023,3,EMC,17470.0,11339,19012500455.0,29.2,52.87
2023-03-02 00:00:00,2023,3,CNC,16398.0,10695,18888831629.0,27.3,57.06
2023-03-03 00:00:00,2023,3,MSK,13743.0,8526,15462667861.0,30.6,85.17
2023-03-04 00:00:00,2023,3,SSL,13537.0,5312,15235574565.0,35.7,99.67
2023-03-05 00:00:00,2023,3,COS,13525.0,9155,15652539542.0,36.8,79.46
2023-03-06 00:00:00,2023,3,WHL,10291.0,6370,11088720904.0,28.6,51.73
2023-03-07 00:00:00,2023,3,MSC,10167.0,7382,12123902002.0,29.6,55.89
2023-03-08 00:00:00,2023,3,CMA,3395.0,2488,3770355609.0,23.9,49.68
2023-03-09 00:00:00,2023,3,SIT,2925.0,2051,3899219847.0,20.1,29.07
2023-03-10 00:00:00,2023,3,GSL,2622.0,1835,2907857323.0,27.9,48.6
2023-03-11 00:00:00,2023,3,KMT,2589.0,1819,3146256255.0,23.6,33.62
2023-03-12 00:00:00,2023,3,RCL,2512.0,1786,2880645844.0,22,45.95
2023-03-13 00:00:00,2023,3,YML,2365.0,1656,2632048009.0,26.2,50.9
2023-03-14 00:00:00,2023,3,ONE,1490.0,1071,1695266006.0,34.4,65.81
2023-03-15 00:00:00,2023,3,OOL,1457.0,965,1617593638.0,25.6,49.04
2023-03-16 00:00:00,2023,3,ANL,1086.0,680,1306075082.0,23.2,16.36
2023-03-17 00:00:00,2023,3,PIL,906.0,660,1050430537.0,28.6,34.21
2023-03-18 00:00:00,2023,3,LMA,327.0,270,319486879.9,25.2,31.63
2023-04-01 00:00:00,2023,4,CNC,17947.0,11563,19436230431.0,33,62.18
2023-04-02 00:00:00,2023,4,MSK,17456.0,11046,19298366025.0,32.5,75.34
2023-04-03 00:00:00,2023,4,SSL,12378.0,7859,13423747328.0,34.1,75.44
2023-04-04 00:00:00,2023,4,EMC,12310.0,8028,13340278773.0,28.2,47.6
2023-04-05 00:00:00,2023,4,MSC,10377.0,7352,12047124105.0,31,50.78
2023-04-06 00:00:00,2023,4,COS,9527.0,6604,11002126486.0,33.4,73.41
2023-04-07 00:00:00,2023,4,WHL,6306.0,4111,7352983240.0,24.5,45.5
2023-04-08 00:00:00,2023,4,CMA,5242.0,3241,5698975095.0,29.4,58.09
2023-04-09 00:00:00,2023,4,SIT,2872.0,2091,3468615851.0,20.3,27.73
2023-04-10 00:00:00,2023,4,OOL,1995.0,1427,2193242770.0,24.4,51.63
2023-04-11 00:00:00,2023,4,ONE,1799.0,1204,2096677564.0,26.3,47.65
2023-04-12 00:00:00,2023,4,KMT,1540.0,1097,1811479589.0,29.4,42.48
2023-04-13 00:00:00,2023,4,GSL,1267.0,899,1404349560.0,30.4,49.47
2023-04-14 00:00:00,2023,4,YML,1150.0,771,1218346774.0,19.2,35.67
2023-04-15 00:00:00,2023,4,ANL,364.0,225,410331037.0,22.1,14.31
2023-05-01 00:00:00,2023,5,CNC,23249.0,15265,25143106207.0,33.4,75.29
2023-05-02 00:00:00,2023,5,EMC,17544.0,11713,18548851539.0,31.8,63.87
2023-05-03 00:00:00,2023,5,SSL,15527.0,10091,16870173301.0,28,69.66
2023-05-04 00:00:00,2023,5,MSC,15083.0,10221,16872470105.0,30.5,64.3
2023-05-05 00:00:00,2023,5,MSK,13992.0,8595,15296022560.0,32.3,77.82
2023-05-06 00:00:00,2023,5,COS,11186.0,7518,12618502825.0,25.9,64.93
2023-05-07 00:00:00,2023,5,WHL,6663.0,4525,7782746218.0,31.5,61.22
2023-05-08 00:00:00,2023,5,CMA,5583.0,3593,5908378914.0,34.9,76.09
2023-05-09 00:00:00,2023,5,SIT,2637.0,1898,3175251523.0,22.5,34.6
2023-05-10 00:00:00,2023,5,YML,2525.0,1751,2727190139.0,25.3,62.61
2023-05-11 00:00:00,2023,5,GSL,2496.0,1860,2754394664.0,43.3,75.5
2023-05-12 00:00:00,2023,5,KMT,2352.0,1580,2690903445.0,17.9,42.5
2023-05-13 00:00:00,2023,5,OOL,1318.0,909,1442418094.0,25.6,64.93
2023-05-14 00:00:00,2023,5,ONE,865.0,597,1000844582.0,26.2,52.22
2023-05-15 00:00:00,2023,5,BEN,364.0,206,310186666.8,27.9,22.7
2023-05-16 00:00:00,2023,5,ANL,286.0,198,332590120.8,19.3,19.2
2023-05-17 00:00:00,2023,5,LMA,64.0,33,53517200.93,12.5,6.81
2023-06-01 00:00:00,2023,6,CNC,17793.0,11184,19267863102.0,27.4,69.19
2023-06-02 00:00:00,2023,6,MSK,17102.0,10607,18403999716.0,32.3,87.38
2023-06-03 00:00:00,2023,6,EMC,16118.0,10606,16902625014.0,26.8,57.8
2023-06-04 00:00:00,2023,6,SSL,13187.0,8372,14253981227.0,29.9,82.23
2023-06-05 00:00:00,2023,6,COS,11902.0,8103,13570103248.0,26.5,71.27
2023-06-06 00:00:00,2023,6,MSC,10768.0,7549,11839933223.0,31.8,84.13
2023-06-07 00:00:00,2023,6,WHL,4850.0,3255,5634556847.0,27.3,60.79
2023-06-08 00:00:00,2023,6,KMT,3826.0,2649,4407528812.0,20.2,45.17
2023-06-09 00:00:00,2023,6,SIT,2672.0,1745,3082182822.0,27.7,41.85
2023-06-10 00:00:00,2023,6,OOL,2513.0,1734,2782051095.0,21.2,48.24
2023-06-11 00:00:00,2023,6,ONE,2477.0,1705,2875268489.0,36.5,67.76
2023-06-12 00:00:00,2023,6,CMA,2306.0,1513,2475320743.0,21.9,51.23
2023-06-13 00:00:00,2023,6,GSL,1409.0,973,1521471111.0,28.3,60.64
2023-06-14 00:00:00,2023,6,YML,1176.0,767,1254782978.0,24.5,53.27
2023-06-15 00:00:00,2023,6,LMA,682.0,505,669139708.2,20.9,21.55
2023-06-16 00:00:00,2023,6,ANL,492.0,309,536995672.0,20.2,22.91
2023-06-17 00:00:00,2023,6,BEN,166.0,117,161172626.7,36.8,21.33
2023-07-01 00:00:00,2023,7,CNC,32032.0,20344,34950935638.0,31.7,73.19
2023-07-02 00:00:00,2023,7,MSK,19631.0,12226,21836793254.0,30.5,81.35
2023-07-03 00:00:00,2023,7,EMC,18295.0,12289,19280598136.0,28.6,61.13
2023-07-04 00:00:00,2023,7,COS,13119.0,9070,15543782692.0,22.9,54.62
2023-07-05 00:00:00,2023,7,MSC,12655.0,8673,14569010215.0,27.4,53.89
2023-07-06 00:00:00,2023,7,SSL,12644.0,8225,13904977780.0,30.3,79.15
2023-07-07 00:00:00,2023,7,WHL,8153.0,5478,9624091266.0,31.6,65.96
2023-07-08 00:00:00,2023,7,KMT,3706.0,2611,4424089324.0,18,39.04
2023-07-09 00:00:00,2023,7,SIT,3103.0,2203,3859352323.0,21.9,34.97
2023-07-10 00:00:00,2023,7,ONE,1288.0,830,1465193430.0,33.8,62.06
2023-07-11 00:00:00,2023,7,CMA,1270.0,881,1485786148.0,33.2,73.2
2023-07-12 00:00:00,2023,7,OOL,1248.0,845,1381996116.0,17.4,39.71
2023-07-13 00:00:00,2023,7,YML,1188.0,817,1314147207.0,32.9,67.17
2023-07-14 00:00:00,2023,7,GSL,1083.0,771,1223139608.0,25.1,56.33
2023-07-15 00:00:00,2023,7,BEN,575.0,383,528167979.8,20.4,25.95
2023-07-16 00:00:00,2023,7,ANL,253.0,194,309932136.5,38.2,11.25
2023-07-17 00:00:00,2023,7,LMA,137.0,83,133864406.9,21.5,16.98
2023-08-01 00:00:00,2023,8,CNC,22137.0,14294,24913905374.0,29.9,77.31
2023-08-02 00:00:00,2023,8,EMC,17155.0,11363,18799964442.0,27.8,56.81
2023-08-03 00:00:00,2023,8,MSC,15089.0,9933,16570286666.0,28,61.06
2023-08-04 00:00:00,2023,8,MSK,14606.0,9301,16596981097.0,33.8,103.54
2023-08-05 00:00:00,2023,8,SSL,12457.0,8208,14116950153.0,31.3,78.28
2023-08-06 00:00:00,2023,8,COS,8207.0,5761,9710081842.0,30.8,75.62
2023-08-07 00:00:00,2023,8,WHL,6588.0,4460,7785088541.0,27.4,60.93
2023-08-08 00:00:00,2023,8,KMT,2805.0,2002,3339001031.0,32.1,69.26
2023-08-09 00:00:00,2023,8,GSL,2610.0,1844,2972495302.0,28,58.13
2023-08-10 00:00:00,2023,8,SIT,2539.0,1623,3164279199.0,25.6,35.14
2023-08-11 00:00:00,2023,8,ONE,2538.0,1584,2865263127.0,30,53.47
2023-08-12 00:00:00,2023,8,OOL,2456.0,1724,2827940049.0,21.5,49.89
2023-08-13 00:00:00,2023,8,YML,2387.0,1628,2669804252.0,24.7,51.21
2023-08-14 00:00:00,2023,8,CMA,2284.0,1581,2677201065.0,38.2,76.32
2023-08-15 00:00:00,2023,8,ANL,800.0,488,907074617.7,25.5,23.3
2023-08-16 00:00:00,2023,8,LMA,299.0,243,321991534.1,28,18.19
2023-08-17 00:00:00,2023,8,BEN,276.0,249,313372963.7,23.4,19.9
2023-09-01 00:00:00,2023,9,SSL,20557.0,14072,23691155436.0,28.8,77.85
2023-09-02 00:00:00,2023,9,CNC,19453.0,12434,22636718335.0,30.1,72.6
2023-09-03 00:00:00,2023,9,MSK,17892.0,10961,19971100017.0,29.9,91.29
2023-09-04 00:00:00,2023,9,MSC,17439.0,12214,18785485399.0,29.7,68.83
2023-09-05 00:00:00,2023,9,EMC,16247.0,10349,17551145516.0,29.1,58.86
2023-09-06 00:00:00,2023,9,WHL,7653.0,4966,8933044559.0,24.8,51.99
2023-09-07 00:00:00,2023,9,COS,6027.0,4144,7152676640.0,25.6,75.13
2023-09-08 00:00:00,2023,9,SIT,3494.0,2267,4314835399.0,24.5,39.13
2023-09-09 00:00:00,2023,9,GSL,2916.0,1987,3312785900.0,21.2,51.84
2023-09-10 00:00:00,2023,9,KMT,1986.0,1310,2297554164.0,19.5,40.68
2023-09-11 00:00:00,2023,9,CMA,1254.0,871,1523814406.0,36.8,74.67
2023-09-12 00:00:00,2023,9,OOL,1223.0,873,1418792308.0,33.5,73.17
2023-09-13 00:00:00,2023,9,YML,1188.0,814,1352140092.0,28.7,58.98
2023-09-14 00:00:00,2023,9,ONE,1126.0,786,1334280119.0,39,79.31
2023-09-15 00:00:00,2023,9,ANL,1047.0,644,1192396563.0,23.8,20.2
2023-09-16 00:00:00,2023,9,BEN,432.0,331,466942005.4,26.1,23.93
2023-09-17 00:00:00,2023,9,LMA,194.0,138,215776772.3,20.1,15.14
2023-10-01 00:00:00,2023,10,SSL,22901.0,16140,27278259885.0,31.1,76.57
2023-10-02 00:00:00,2023,10,MSK,21525.0,13044,24968732861.0,29.9,77.19
2023-10-03 00:00:00,2023,10,EMC,17411.0,11587,19590560500.0,26.9,57.84
2023-10-04 00:00:00,2023,10,CNC,17411.0,11022,20235009463.0,26.4,65.8
2023-10-05 00:00:00,2023,10,MSC,12745.0,8256,14511755154.0,26.6,54.74
2023-10-06 00:00:00,2023,10,COS,10870.0,7254,13156989892.0,28.2,70.99
2023-10-07 00:00:00,2023,10,WHL,6855.0,4790,8544952425.0,19.3,40.86
2023-10-08 00:00:00,2023,10,KMT,2962.0,2026,3673435251.0,24.7,44.65
2023-10-09 00:00:00,2023,10,SIT,2587.0,1678,3433757566.0,24.5,40.72
2023-10-10 00:00:00,2023,10,CMA,2586.0,1702,3085943297.0,26.5,74.01
2023-10-11 00:00:00,2023,10,OOL,2560.0,1748,2969418431.0,22.5,53.95
2023-10-12 00:00:00,2023,10,ONE,2406.0,1608,2922291225.0,35.3,74.79
2023-10-13 00:00:00,2023,10,YML,2375.0,1648,2800671478.0,23,47.8
2023-10-14 00:00:00,2023,10,GSL,1434.0,999,1673124702.0,32.8,62.31
2023-10-15 00:00:00,2023,10,ANL,593.0,376,768569999.3,24.5,13.79
2023-10-16 00:00:00,2023,10,BEN,218.0,115,192593958.7,25.8,27.78
2023-10-17 00:00:00,2023,10,LMA,144.0,100,171393380.4,18.6,10.22
2023-11-01 00:00:00,2023,11,EMC,19242.0,12584,21180694927.0,31.5,65.5
2023-11-02 00:00:00,2023,11,SSL,18648.0,13383,22451251366.0,32.1,86.21
2023-11-03 00:00:00,2023,11,CNC,17724.0,11493,21068153864.0,31.1,72.79
2023-11-04 00:00:00,2023,11,MSK,14328.0,9061,16596571888.0,31.2,99.5
2023-11-05 00:00:00,2023,11,MSC,11331.0,7372,13401609836.0,26.5,61.64
2023-11-06 00:00:00,2023,11,COS,7021.0,4951,8636566255.0,29.7,82.76
2023-11-07 00:00:00,2023,11,WHL,5642.0,3720,6877552444.0,27.8,59.13
2023-11-08 00:00:00,2023,11,SIT,3322.0,2092,4071064337.0,22.5,38.55
2023-11-09 00:00:00,2023,11,GSL,2768.0,1920,3161698211.0,23.4,52.58
2023-11-10 00:00:00,2023,11,KMT,2670.0,1823,3273058687.0,20.5,36
2023-11-11 00:00:00,2023,11,ONE,2324.0,1507,2707923491.0,27.6,58.74
2023-11-12 00:00:00,2023,11,CMA,1305.0,855,1547112610.0,26.1,52.67
2023-11-13 00:00:00,2023,11,OOL,1253.0,828,1388288780.0,22.7,55.71
2023-11-14 00:00:00,2023,11,YML,990.0,701,1169079148.0,24.9,53.99
2023-11-15 00:00:00,2023,11,ANL,859.0,537,1032618131.0,22.1,16.95
2023-11-16 00:00:00,2023,11,BEN,500.0,342,505065764.9,22.6,29.73
2023-11-17 00:00:00,2023,11,LMA,172.0,99,170607630.8,17.9,21.95
2023-12-01 00:00:00,2023,12,ANL,995.0,609,1143662495.0,81.69,73.62
2023-12-02 00:00:00,2023,12,BEN,243.0,144,232960996.3,46.14,50.8
2023-12-03 00:00:00,2023,12,CMA,2413.0,1557,2933420369.0,104.55,252.95
2023-12-04 00:00:00,2023,12,CNC,25165.0,15802,29339513224.0,239.3,597.7
2023-12-05 00:00:00,2023,12,COS,6858.0,4786,8255122070.0,150.05,386.9
2023-12-06 00:00:00,2023,12,EMC,16068.0,10966,18150452316.0,78.39,164.52
2023-12-07 00:00:00,2023,12,GSL,1295.0,932,1525806586.0,156.1,264.25
2023-12-08 00:00:00,2023,12,KMT,2930.0,2012,3531033587.0,84.52,174.32
2023-12-09 00:00:00,2023,12,LMA,649.0,447,668631830.5,39.48,49.72
2023-12-10 00:00:00,2023,12,MSC,9334.0,6173,10787019934.0,26.67,52.93
2023-12-11 00:00:00,2023,12,MSK,16088.0,10391,18713816623.0,30.67,88.49
2023-12-12 00:00:00,2023,12,NSS,1256.0,785,1412069232.0,88.8,189.08
2023-12-13 00:00:00,2023,12,ONE,2281.0,1493,2664028559.0,160.24,335.12
2023-12-14 00:00:00,2023,12,OOL,1216.0,865,1434476027.0,115.45,266.75
2023-12-15 00:00:00,2023,12,SIT,4507.0,3130,5485845343.0,110.6,202.65
2023-12-16 00:00:00,2023,12,SSL,22956.0,15601,26591864972.0,182.58,470.88
2023-12-17 00:00:00,2023,12,TSL,1381.0,919,1632200838.0,72.64,144.92
2023-12-18 00:00:00,2023,12,WHL,7358.0,4752,8896510338.0,18.18,43.69
2023-12-19 00:00:00,2023,12,YML,2428.0,1697,2819166857.0,101.3,250.05
2024-01-01 00:00:00,2024,1,ANL,583.0,382,695219673.7,24.63,19.36
2024-01-02 00:00:00,2024,1,BEN,259.0,156,266919640.2,23.07,13.86
2024-01-03 00:00:00,2024,1,CMA,1028.0,706,1274719736.0,30.18,65.36
2024-01-04 00:00:00,2024,1,CNC,15899.0,10005,18658135659.0,26.47,60.9
2024-01-05 00:00:00,2024,1,COS,11680.0,7820,13945638752.0,25.44,69.19
2024-01-06 00:00:00,2024,1,EMC,16851.0,11351,19030489944.0,27.04,56.04
2024-01-07 00:00:00,2024,1,GSL,1266.0,914,1464017641.0,29.2,57.63
2024-01-08 00:00:00,2024,1,HPL,518.0,453,633194545.2,58.22,57.34
2024-01-09 00:00:00,2024,1,KMT,3266.0,2241,3772683821.0,23.08,42.11
2024-01-10 00:00:00,2024,1,LMA,181.0,110,186982322.3,21.14,14.88
2024-01-11 00:00:00,2024,1,MSC,11256.0,7437,12901730582.0,26.44,55.42
2024-01-12 00:00:00,2024,1,MSK,15264.0,9709,17765212354.0,30.03,83.51
2024-01-13 00:00:00,2024,1,NSS,1225.0,804,1438033096.0,19.42,41.04
2024-01-14 00:00:00,2024,1,ONE,3528.0,2263,4142403288.0,21.58,47.79
2024-01-15 00:00:00,2024,1,OOL,3977.0,2755,4578242869.0,23.54,55.02
2024-01-16 00:00:00,2024,1,RCL,1626.0,1160,2170117558.0,26.78,40.64
2024-01-17 00:00:00,2024,1,SIT,3910.0,2675,4806424683.0,19.84,37.44
2024-01-18 00:00:00,2024,1,SSL,19520.0,13041,22588661545.0,31.3,71.13
2024-01-19 00:00:00,2024,1,TSL,1224.0,846,1388061065.0,17.6,36.75
2024-01-20 00:00:00,2024,1,WHL,5590.0,3638,6701249874.0,25.43,51.9
2024-01-21 00:00:00,2024,1,YML,1159.0,823,1335115412.0,18.86,47.99
2024-02-01 00:00:00,2024,2,ANL,472.0,272,523826412.4,26.62,21.31
2024-02-02 00:00:00,2024,2,BEN,94.0,52,97573335.48,18.55,7.05
2024-02-03 00:00:00,2024,2,CMA,1869.0,1276,2242797718.0,20.58,39.72
2024-02-04 00:00:00,2024,2,CNC,19991.0,12619,23451527049.0,30.07,69.33
2024-02-05 00:00:00,2024,2,COS,6712.0,4413,7763861822.0,24.57,71.48
2024-02-06 00:00:00,2024,2,EMC,16959.0,11515,19093485659.0,22.3,45.15
2024-02-07 00:00:00,2024,2,GSL,2770.0,2051,3320924445.0,25.24,45.38
2024-02-08 00:00:00,2024,2,KMT,3261.0,2241,4001052542.0,22.45,37.98
2024-02-09 00:00:00,2024,2,LMA,247.0,143,255171107.7,16.45,12.93
2024-02-10 00:00:00,2024,2,MSC,9845.0,6657,11822149669.0,22.41,49.47
2024-02-11 00:00:00,2024,2,MSK,15080.0,9293,17828639578.0,27.52,70.22
2024-02-12 00:00:00,2024,2,NSS,994.0,673,1224139797.0,16.91,36.75
2024-02-13 00:00:00,2024,2,ONE,2043.0,1351,2455527543.0,21.23,38.46
2024-02-14 00:00:00,2024,2,OOL,3364.0,2318,3943728050.0,30.71,74.94
2024-02-15 00:00:00,2024,2,RCL,1345.0,1009,1743808137.0,17.17,26.18
2024-02-16 00:00:00,2024,2,SIT,3419.0,2336,4460782970.0,22.66,33.63
2024-02-17 00:00:00,2024,2,SSL,20015.0,13515,23632615842.0,28.46,64.87
2024-02-18 00:00:00,2024,2,TSL,1034.0,710,1217233750.0,17.5,38.83
2024-02-19 00:00:00,2024,2,WHL,5532.0,3644,6576594733.0,21.46,50.13
2024-02-20 00:00:00,2024,2,YML,587.0,429,683846290.4,24.43,55.41
2024-02-21 00:00:00,2024,2,PIL,0.0,0,0.0,0,0
2024-03-01 00:00:00,2024,3,ANL,608.0,372,757807929.4,22.26,16.21
2024-03-01 00:00:00,2024,3,BEN,247.0,146,239545203.4,17.65,11.93
2024-03-01 00:00:00,2024,3,CMA,1061.0,702,1320094595.0,31.14,49.69
2024-03-01 00:00:00,2024,3,CNC,19851.0,12423,23120633569.0,30.87,68.25
2024-03-01 00:00:00,2024,3,COS,9619.0,6625,11437017129.0,35.55,79.86
2024-03-01 00:00:00,2024,3,EMC,17723.0,11561,19420042228.0,26.63,53.9
2024-03-01 00:00:00,2024,3,GSL,1227.0,894,1490371935.0,22.02,39.88
2024-03-01 00:00:00,2024,3,KMT,2291.0,1603,2812810916.0,27.16,37.3
2024-03-01 00:00:00,2024,3,LMA,134.0,73,138014187.3,26.46,16.93
2024-03-01 00:00:00,2024,3,MSC,14571.0,9816,17624459211.0,24.12,45.16
2024-03-01 00:00:00,2024,3,MSK,13872.0,8496,16214386789.0,27.81,59.12
2024-03-01 00:00:00,2024,3,NSS,1210.0,777,1419433882.0,22.9,44.24
2024-03-01 00:00:00,2024,3,ONE,3843.0,2582,4573745911.0,24.82,46.26
2024-03-01 00:00:00,2024,3,OOL,4281.0,3056,5116555093.0,24.1,54.69
2024-03-01 00:00:00,2024,3,RCL,1198.0,818,1463478128.0,21.53,30.88
2024-03-01 00:00:00,2024,3,SIT,3727.0,2471,4645249408.0,25.57,33.56
2024-03-01 00:00:00,2024,3,SSL,20490.0,13695,24145157348.0,32.4,73.6
2024-03-01 00:00:00,2024,3,TSL,1335.0,878,1567544143.0,19.07,38.8
2024-03-01 00:00:00,2024,3,WHL,8205.0,5248,9529785171.0,19.44,39.67
04/2024,2024,4,ANL,225.0,164,355904194.1,16.83,5.66
04/2024,2024,4,CMA,1367.0,946,1890733836.0,14.94,28.27
04/2024,2024,4,CNC,21259.0,13245,24885254849.0,26.35,64.36
04/2024,2024,4,COS,9228.0,6050,10800948958.0,28.46,80.44
04/2024,2024,4,EMC,11721.0,7902,13716442705.0,23.31,43.17
04/2024,2024,4,GSL,1034.0,761,1268331088.0,21.54,47.32
04/2024,2024,4,KMT,1992.0,1448,2527601857.0,24.11,42.77
04/2024,2024,4,LMA,345.0,207,380705529.1,17.9,15.34
04/2024,2024,4,MSC,4032.0,2754,4871552782.0,20.91,50.24
04/2024,2024,4,MSK,16631.0,10281,19830327302.0,29.53,80.39
04/2024,2024,4,NSS,775.0,516,913831384.2,24.59,51.38
04/2024,2024,4,ONE,1900.0,1400,2311794746.0,30.43,63.41
04/2024,2024,4,OOL,1889.0,1210,2167802578.0,26.01,59.25
04/2024,2024,4,RCL,2146.0,1467,2799830053.0,19.09,31.04
04/2024,2024,4,SIT,3197.0,2043,3969310722.0,17.52,29.64
04/2024,2024,4,SSL,18346.0,12444,22258828990.0,26.12,67.63
04/2024,2024,4,TSL,1530.0,995,1860732173.0,15.08,32.15
04/2024,2024,4,WHL,4331.0,2857,5331497040.0,21.64,48.86
2024-05-01 00:00:00,2024,5,ANL,445.0,281,574421900.1,19.93,8.86
2024-05-01 00:00:00,2024,5,CMA,1163.0,804,1575586975.0,17.14,40.78
2024-05-01 00:00:00,2024,5,CNC,24807.0,15631,29125886033.0,26.81,67.8
2024-05-01 00:00:00,2024,5,COS,10182.0,6586,11788976642.0,31.43,93.39
2024-05-01 00:00:00,2024,5,EMC,18527.0,12488,21300505112.0,25.01,49.97
2024-05-01 00:00:00,2024,5,GSL,2641.0,1843,3062752930.0,20.93,42.11
2024-05-01 00:00:00,2024,5,KMT,2934.0,2055,3714544990.0,21.05,34.49
2024-05-01 00:00:00,2024,5,LMA,98.0,58,102537145.1,24.48,14.2
2024-05-01 00:00:00,2024,5,MSC,17664.0,11931,21522149399.0,23.4,57.73
2024-05-01 00:00:00,2024,5,MSK,11035.0,6923,13315891938.0,29.68,78.6
2024-05-01 00:00:00,2024,5,NSS,1164.0,830,1441342599.0,17.52,33.59
2024-05-01 00:00:00,2024,5,ONE,7304.0,4671,8180121452.0,26.74,57.66
2024-05-01 00:00:00,2024,5,OOL,3577.0,2294,3958102769.0,24.1,64.81
2024-05-01 00:00:00,2024,5,RCL,1027.0,709,1329081750.0,22.38,49.27
2024-05-01 00:00:00,2024,5,SIT,3175.0,2134,4133137617.0,19.39,35.43
2024-05-01 00:00:00,2024,5,SSL,18985.0,12532,23079105867.0,23.56,63.76
2024-05-01 00:00:00,2024,5,TSL,1767.0,1160,2013005040.0,17.13,47.67
2024-05-01 00:00:00,2024,5,WHL,4466.0,2973,5730080224.0,19.28,39.33
2024-05-01 00:00:00,2024,5,YML,981.0,695,1212507551.0,18.04,39.22
2024-05-01 00:00:00,2024,5,BEN,319.0,248,374293916.2,19.06,18.65
2024-06-01 00:00:00,2024,6,ANL,325.0,236,437956775.4,23.47,16.53
2024-06-01 00:00:00,2024,6,CMA,1233.0,792,1480738040.0,27.46,60.85
2024-06-01 00:00:00,2024,6,CNC,19006.0,11791,22901583678.0,28.2,78.47
2024-06-01 00:00:00,2024,6,COS,9296.0,5920,11043073720.0,26.19,61.63
2024-06-01 00:00:00,2024,6,EMC,14594.0,9809,17182142532.0,28.02,55.58
2024-06-01 00:00:00,2024,6,GSL,1473.0,983,1747863094.0,26.13,59.14
2024-06-01 00:00:00,2024,6,KMT,3017.0,2060,4013336098.0,18.16,32.9
2024-06-01 00:00:00,2024,6,LMA,381.0,239,467234754.6,20.84,14.1
2024-06-01 00:00:00,2024,6,MSC,11716.0,7980,14169615406.0,28.7,58.58
2024-06-01 00:00:00,2024,6,MSK,15659.0,9797,18897424003.0,27.23,86.86
2024-06-01 00:00:00,2024,6,NSS,1388.0,942,1654330617.0,19.93,45.2
2024-06-01 00:00:00,2024,6,ONE,2345.0,1493,2789972647.0,26.45,54.73
2024-06-01 00:00:00,2024,6,OOL,4340.0,2950,5317579910.0,21.32,48.71
2024-06-01 00:00:00,2024,6,RCL,2596.0,1742,3227901756.0,21.51,37.33
2024-06-01 00:00:00,2024,6,SIT,4208.0,2843,5617006624.0,19.75,36.62
2024-06-01 00:00:00,2024,6,SSL,16571.0,10891,20067424904.0,26.44,67.74
2024-06-01 00:00:00,2024,6,TSL,1619.0,1092,2012710744.0,16.11,32.45
2024-06-01 00:00:00,2024,6,WHL,6371.0,4083,8024013168.0,18.35,40.69
2024-06-01 00:00:00,2024,6,YML,2453.0,1693,2923328625.0,18.8,42.36
2024-06-01 00:00:00,2024,6,BEN,109.0,92,141506354.3,23.67,22.43
2024-06-01 00:00:00,2024,6,MAA,1638.0,851,1657678972.0,20.98,39.1
2024-07-01 00:00:00,2024,7,ANL,367.0,284,504297859.0,20.23,10.9
2024-07-02 00:00:00,2024,7,BEN,357.0,212,398464005.0,16.27,17.1
2024-07-03 00:00:00,2024,7,CMA,1936.0,1192,2429320974.0,25.43,42.73
2024-07-04 00:00:00,2024,7,CNC,22120.0,13512,26014082132.0,26.91,70.29
2024-07-05 00:00:00,2024,7,COS,13705.0,8588,16417124288.0,28.04,71.43
2024-07-06 00:00:00,2024,7,EMC,14405.0,9143,16635058640.0,21.42,42.88
2024-07-07 00:00:00,2024,7,GSL,2712.0,2011,3369054653.0,24.77,47.46
2024-07-08 00:00:00,2024,7,KMT,2343.0,1643,2995026903.0,17,34.02
2024-07-09 00:00:00,2024,7,LMA,243.0,145,256269776.0,14.49,15.23
2024-07-10 00:00:00,2024,7,MSC,15614.0,10565,18852435321.0,23.29,52.83
2024-07-11 00:00:00,2024,7,MSK,20659.0,12746,24266673085.0,28.52,80.86
2024-07-12 00:00:00,2024,7,NSS,1695.0,1220,2083398676.0,26.7,54.61
2024-07-13 00:00:00,2024,7,ONE,2463.0,1550,2996244853.0,18.12,35.08
2024-07-14 00:00:00,2024,7,OOL,3124.0,2023,3725697787.0,24.87,62.01
2024-07-15 00:00:00,2024,7,SIT,4018.0,2655,5163091785.0,23.49,43.16
2024-07-16 00:00:00,2024,7,SSL,19709.0,13237,21058925689.0,25.09,60.9
2024-07-17 00:00:00,2024,7,TSL,1976.0,1319,2326672803.0,20.65,52.19
2024-07-18 00:00:00,2024,7,WHL,4578.0,2953,5758162409.0,20.78,49.48
2024-08-01 00:00:00,2024,8,ANL,259.0,191,336643614.0,20.16,9.22
2024-08-01 00:00:00,2024,8,BEN,208.0,124,214103594.0,24.95,20.22
2024-08-01 00:00:00,2024,8,CMA,912.0,612,1114611547.0,23.18,33.25
2024-08-01 00:00:00,2024,8,CNC,30992.0,18234,34465747933.0,27.2,65.33
2024-08-01 00:00:00,2024,8,COS,8427.0,5638,10054017681.0,28.05,73.92
2024-08-01 00:00:00,2024,8,EMC,15490.0,10069,18180654126.0,23.4,46.45
2024-08-01 00:00:00,2024,8,GSL,1180.0,881,1458243558.0,21.2,39.1
2024-08-01 00:00:00,2024,8,KMT,2342.0,1668,2903418544.0,23.12,39.45
2024-08-01 00:00:00,2024,8,LMA,481.0,334,510601671.0,22.83,23.28
2024-08-01 00:00:00,2024,8,MSC,11596.0,7898,13419394404.0,24.18,50.11
2024-08-01 00:00:00,2024,8,MSK,19134.0,12575,22341035403.0,31.09,78.42
2024-08-01 00:00:00,2024,8,NSS,1265.0,842,1456374640.0,21.78,42.72
2024-08-01 00:00:00,2024,8,ONE,4974.0,3069,5855193756.0,20.95,48.93
2024-08-01 00:00:00,2024,8,OOL,3888.0,2500,4543708805.0,25.57,73.44
2024-08-01 00:00:00,2024,8,RCL,894.0,646,1072188885.0,19.32,39.68
2024-08-01 00:00:00,2024,8,SIT,5452.0,3592,6667188437.0,17,34.68
2024-08-01 00:00:00,2024,8,SSL,19973.0,13389,24009868330.0,23.62,58.06
2024-08-01 00:00:00,2024,8,TSL,1426.0,924,1589458012.0,17.77,42.91
2024-08-01 00:00:00,2024,8,WHL,6173.0,4193,7755517774.0,21.56,43.18
2024-08-01 00:00:00,2024,8,YML,958.0,658,1140330892.0,19.26,40.87
2024-09-01 00:00:00,2024,9,ANL,625.0,462,665972828.0,20.54,12.59
2024-09-01 00:00:00,2024,9,CMA,2403.0,1519,2861638942.0,20.67,36.97
2024-09-01 00:00:00,2024,9,CNC,18852.0,11411,21162513321.0,28.47,73.53
2024-09-01 00:00:00,2024,9,EMC,16474.0,10280,18561466186.0,24.69,49.03
2024-09-01 00:00:00,2024,9,GSL,1368.0,994,1609744224.0,23.37,52.9
2024-09-01 00:00:00,2024,9,KMT,2657.0,1797,3283409699.0,21.74,37.45
2024-09-01 00:00:00,2024,9,NSS,1372.0,867,1544877019.0,22.05,54.57
2024-09-01 00:00:00,2024,9,ONE,3026.0,1908,3508579410.0,24.02,45.76
2024-09-01 00:00:00,2024,9,RCL,1042.0,697,1300284275.0,20.06,30.19
2024-09-01 00:00:00,2024,9,SIT,4125.0,2668,4995180741.0,17.8,32.53
2024-09-01 00:00:00,2024,9,TSL,1129.0,723,1300211113.0,18.29,40.89
2024-09-01 00:00:00,2024,9,YML,2335.0,1603,2739440619.0,20.76,45.22
2024-09-01 00:00:00,2024,9,MSK,25379.0,16005,29588269731.0,28.05,67.53
2024-09-01 00:00:00,2024,9,MSC,10519.0,6767,12123887311.0,22.32,46.97
2024-09-01 00:00:00,2024,9,SSL,19886.0,13083,23388138753.0,22.62,56.96
2024-09-01 00:00:00,2024,9,WHL,4438.0,2826,5446516003.0,19.98,38.83
2024-09-01 00:00:00,2024,9,COS,9895.0,6315,11184733110.0,30.25,82.11
2024-09-01 00:00:00,2024,9,OOL,4736.0,3042,5321159656.0,26.14,74.46
2024-09-01 00:00:00,2024,9,LMA,349.0,237,344521585.0,30.61,33.29
2024-09-01 00:00:00,2024,9,BEN,170.0,115,564073228.0,22.22,20.39
2024-10-01 00:00:00,2024,10,ANL,437.0,301,164702920.0,23.5,14.9
2024-10-01 00:00:00,2024,10,BEN,152.0,94,1109740832.0,27.89,19
2024-10-01 00:00:00,2024,10,CMA,876.0,589,36141749926.0,17.16,31.89
2024-10-01 00:00:00,2024,10,CNC,30486.0,18868,11479067304.0,29.19,64.22
2024-10-01 00:00:00,2024,10,COS,9734.0,6343,18890495468.0,27.37,69.36
2024-10-01 00:00:00,2024,10,EMC,15908.0,10080,3551179084.0,25.09,47.73
2024-10-01 00:00:00,2024,10,GSL,2990.0,2100,48093290.0,26.79,54.54
2024-10-01 00:00:00,2024,10,KMT,2152.0,1593,839640380.0,19.42,33.7
2024-10-01 00:00:00,2024,10,LMA,729.0,537,259250047.0,20.25,18.35
2024-10-01 00:00:00,2024,10,MSC,13196.0,8453,22468618258.0,25.38,55.57
2024-10-01 00:00:00,2024,10,MSK,19171.0,11801,1681258088.0,24.89,71.47
2024-10-01 00:00:00,2024,10,NSS,1414.0,904,3459577686.0,19.93,48.81
2024-10-01 00:00:00,2024,10,ONE,2874.0,1914,3855313141.0,25.83,58.81
2024-10-01 00:00:00,2024,10,OOL,3333.0,2128,1863253436.0,23.22,68.31
2024-10-01 00:00:00,2024,10,RCL,1431.0,1070,5313282029.0,29.6,62.26
2024-10-01 00:00:00,2024,10,SIT,4175.0,2831,385967359.0,19.65,35.01
2024-10-01 00:00:00,2024,10,SSL,20069.0,13504,1979038105.0,27.42,68.9
2024-10-01 00:00:00,2024,10,TSL,1153.0,753,5702927283.0,21.17,32.13
2024-10-01 00:00:00,2024,10,WHL,4462.0,3049,3168196385.0,20.76,42.44
2024-10-01 00:00:00,2024,10,YML,2604.0,1776,177822692.0,23.42,49.34
2024-11-01 00:00:00,2024,11,CMA,2272.0,1453,2867784671.0,192.16,414.4
2024-11-01 00:00:00,2024,11,SSL,22678.0,15554,28212388884.0,169.56,406.2
2024-11-01 00:00:00,2024,11,MSK,16834.0,10410,20548404401.0,58.76,151
2024-11-01 00:00:00,2024,11,EMC,15547.0,9655,18697785354.0,204.4,395.28
2024-11-01 00:00:00,2024,11,MSC,9743.0,6757,12270592696.0,23.66,52.76
2024-11-01 00:00:00,2024,11,COS,7473.0,5092,9312075735.0,163.05,414.15
2024-11-01 00:00:00,2024,11,WHL,5009.0,3205,6374740548.0,18.74,39
2024-11-01 00:00:00,2024,11,SIT,2477.0,1544,3319791463.0,50.66,79.52
2024-11-01 00:00:00,2024,11,OOL,4280.0,2824,5197148108.0,258.8,552.6
2024-11-01 00:00:00,2024,11,ONE,2365.0,1558,2935521307.0,216.9,378.36
2024-11-01 00:00:00,2024,11,KMT,3374.0,2344,4264093474.0,87.96,173.52
2024-11-01 00:00:00,2024,11,GSL,1366.0,989,1719845407.0,169,306.05
2024-11-01 00:00:00,2024,11,TSL,1273.0,847,1653928245.0,172.41,338.24
2024-11-01 00:00:00,2024,11,RCL,2936.0,1913,3651793925.0,213.44,451.2
2024-11-01 00:00:00,2024,11,NSS,1102.0,759,1421078123.0,132.93,277.55
2024-11-01 00:00:00,2024,11,YML,1325.0,928,1633039806.0,113.25,247
2024-11-01 00:00:00,2024,11,ANL,652.0,437,836807024.0,50.66,44.76
2024-11-01 00:00:00,2024,11,LMA,118.0,85,147652930.0,57.58,44.7
2024-11-01 00:00:00,2024,11,BEN,231.0,155,268927283.0,47.8,24.26
2024-12-01 00:00:00,2024,12,CMA,288469.0,178531,340040467321.0,25,55
2024-12-02 00:00:00,2024,12,SSL,240569.0,161359,287071450311.0,27,64
2024-12-03 00:00:00,2024,12,MSK,211877.0,132139,251546902253.0,28,72
2024-12-04 00:00:00,2024,12,EMC,190024.0,123568,220053018582.0,25,49
2024-12-05 00:00:00,2024,12,MSC,140638.0,93949,168986165233.0,24,52
2024-12-06 00:00:00,2024,12,COS,117799.0,76829,139626259541.0,28,72
2024-12-07 00:00:00,2024,12,WHL,64063.0,41766,79314424243.0,21,44
2024-12-08 00:00:00,2024,12,SIT,48443.0,32005,61491938158.0,21,37
2024-12-09 00:00:00,2024,12,OOL,43840.0,29111,51541590944.0,25,60
2024-12-10 00:00:00,2024,12,ONE,38906.0,25158,46017255364.0,25,50
2024-12-11 00:00:00,2024,12,KMT,31720.0,22179,39877022798.0,22,39
2024-12-12 00:00:00,2024,12,GSL,22138.0,15955,26827636295.0,24,48
2024-12-13 00:00:00,2024,12,TSL,16809.0,11103,20014969926.0,19,39
2024-12-14 00:00:00,2024,12,RCL,17499.0,11975,22187043129.0,23,41
2024-12-15 00:00:00,2024,12,NSS,15106.0,10109,18115498981.0,21,43
2024-12-16 00:00:00,2024,12,YML,13515.0,9387,16234276521.0,20,45
2024-12-17 00:00:00,2024,12,ANL,5762.0,3857,7222094624.0,23,17
2024-12-18 00:00:00,2024,12,LMA,3868.0,2619,4288025039.0,23,21
2024-12-19 00:00:00,2024,12,BEN,2319.0,1547,2573938641.0,22,18
2024-12-20 00:00:00,2024,12,HPL,518.0,453,633194545.0,58,57
2024-12-21 00:00:00,2024,12,PIL,0.0,0,0.0,0,0
2024-12-22 00:00:00,2024,12,KAL,0.0,0,0.0,0,0
2024-12-23 00:00:00,2024,12,XCL,0.0,0,0.0,0,0
2024-12-24 00:00:00,2024,12,KSL,0.0,0,0.0,0,0
2024-12-25 00:00:00,2024,12,ACL,0.0,0,0.0,0,0
2024-12-26 00:00:00,2024,12,ESL,0.0,0,0.0,0,0
2025-01-01 00:00:00,2025,1,ACL,0.0,0,0.0,0,0
2025-01-02 00:00:00,2025,1,ANL,437.0,293,610600926.0,24,10
2025-01-03 00:00:00,2025,1,BEN,87.0,83,112103061.0,27,15
2025-01-04 00:00:00,2025,1,CMA,24830.0,14836,30489971505.0,24,49
2025-01-05 00:00:00,2025,1,COS,13059.0,8181,16224612528.0,26,67
2025-01-06 00:00:00,2025,1,EMC,14121.0,8984,17909297274.0,23,38
2025-01-07 00:00:00,2025,1,ESL,0.0,0,0.0,0,0
2025-01-08 00:00:00,2025,1,GSL,1146.0,795,1448309400.0,34,66
2025-01-09 00:00:00,2025,1,HPL,0.0,0,0.0,0,0
2025-01-10 00:00:00,2025,1,KAL,0.0,0,0.0,0,0
2025-01-11 00:00:00,2025,1,KMT,2672.0,1752,3475561893.0,19,32
2025-01-12 00:00:00,2025,1,KSL,0.0,0,0.0,0,0
2025-01-13 00:00:00,2025,1,LMA,285.0,244,345970913.0,17,18
2025-01-14 00:00:00,2025,1,MSC,7862.0,4942,9886120752.0,24,47
2025-01-15 00:00:00,2025,1,MSK,13403.0,8199,16872604065.0,25,68
2025-01-16 00:00:00,2025,1,NSS,1237.0,793,1516139195.0,25,58
2025-01-17 00:00:00,2025,1,ONE,2198.0,1399,2785069457.0,22,39
2025-01-18 00:00:00,2025,1,OOL,2710.0,1708,3456437276.0,18,55
2025-01-19 00:00:00,2025,1,PIL,0.0,0,0.0,0,0
2025-01-20 00:00:00,2025,1,RCL,1257.0,740,1597745063.0,14,26
2025-01-21 00:00:00,2025,1,SIT,3938.0,2549,5144377744.0,28,38
2025-01-22 00:00:00,2025,1,SSL,16612.0,11112,21124299391.0,29,63
2025-01-23 00:00:00,2025,1,TSL,889.0,566,1111047323.0,21,31
2025-01-24 00:00:00,2025,1,WHL,6100.0,3858,8109484957.0,22,34
2025-01-25 00:00:00,2025,1,XCL,0.0,0,0.0,0,0
2025-01-26 00:00:00,2025,1,YML,2189.0,1553,2787132458.0,20,41
2025-02-26 00:00:00,2025,2,SSL,46959.0,31185,59095243626.0,28,63
2025-02-26 00:00:00,2025,2,CMA,43125.0,25889,53254815984.0,23,49
2025-02-26 00:00:00,2025,2,MSK,28755.0,17969,36378375301.0,26,68
2025-02-26 00:00:00,2025,2,EMC,27834.0,17521,35223920014.0,25,38
2025-02-26 00:00:00,2025,2,COS,22448.0,14118,27971876784.0,27,67
2025-02-26 00:00:00,2025,2,MSC,18609.0,11839,23130752665.0,24,47
2025-02-26 00:00:00,2025,2,WHL,9396.0,5970,12430742267.0,21,34
2025-02-26 00:00:00,2025,2,SIT,7272.0,4670,9479673348.0,24,38
2025-02-26 00:00:00,2025,2,OOL,7122.0,4553,8946605307.0,23,55
2025-02-26 00:00:00,2025,2,KMT,4436.0,3100,5908800641.0,22,32
2025-02-26 00:00:00,2025,2,ONE,3915.0,2531,5013177572.0,21,39
2025-02-26 00:00:00,2025,2,YML,3411.0,2418,4340978276.0,20,41
2025-02-26 00:00:00,2025,2,NSS,2761.0,1823,3505496314.0,22,58
2025-02-26 00:00:00,2025,2,GSL,2572.0,1841,3354326661.0,28,66
2025-02-26 00:00:00,2025,2,ANL,1610.0,1069,2218344984.0,24,10
2025-02-26 00:00:00,2025,2,RCL,1257.0,740,1597745063.0,14,26
2025-02-26 00:00:00,2025,2,TSL,889.0,566,1111047323.0,21,31
2025-02-26 00:00:00,2025,2,LMA,428.0,354,532167764.0,21,18
2025-02-26 00:00:00,2025,2,BEN,393.0,339,532246811.0,24,15
2025-02-27 00:00:00,2025,2,HPL,0.0,0,0.0,0,0
2025-02-28 00:00:00,2025,2,PIL,0.0,0,0.0,0,0
2025-02-28 00:00:00,2025,2,KAL,0.0,0,0.0,0,0
2025-02-28 00:00:00,2025,2,XCL,0.0,0,0.0,0,0
2025-02-28 00:00:00,2025,2,KSL,0.0,0,0.0,0,0
2025-02-28 00:00:00,2025,2,ACL,0.0,0,0.0,0,0
2025-02-28 00:00:00,2025,2,ESL,0.0,0,0.0,0,0
2025-03-26 00:00:00,2025,3,CMA,65.124,39.398,81900467113.0,23,47
2025-03-26 00:00:00,2025,3,SSL,63.449,42.224,79920236351.0,28,61
2025-03-26 00:00:00,2025,3,MSK,49.466,31.458,63630382416.0,26,60
2025-03-26 00:00:00,2025,3,EMC,42.968,26.943,54567768181.0,24,38
2025-03-26 00:00:00,2025,3,MSC,34.247,21.975,42206962776.0,25,49
2025-03-26 00:00:00,2025,3,COS,31.81,20.06,39761914513.0,28,65
2025-03-26 00:00:00,2025,3,WHL,16.331,10.411,21602281953.0,20,37
2025-03-26 00:00:00,2025,3,SIT,11.673,7.48,15415423484.0,23,36
2025-03-26 00:00:00,2025,3,OOL,10.374,6.644,13069908833.0,24,52
2025-03-26 00:00:00,2025,3,KMT,6.622,4.657,8903759822.0,21,31
2025-03-26 00:00:00,2025,3,ONE,6.113,3.951,7861193828.0,19,37
2025-03-26 00:00:00,2025,3,YML,5.665,4.051,7270711901.0,19,39
2025-03-26 00:00:00,2025,3,GSL,5.485,3.919,7188216936.0,26,58
2025-03-26 00:00:00,2025,3,NSS,4.304,2.791,5512560054.0,20,49
2025-03-26 00:00:00,2025,3,ANL,2.527,1.599,3329226095.0,23,12
2025-03-26 00:00:00,2025,3,TSL,2.448,1.582,3144592746.0,20,32
2025-03-26 00:00:00,2025,3,RCL,2.067,1.252,2659311287.0,20,29
2025-03-26 00:00:00,2025,3,LMA,923.0,714,1179149348.0,20,17
2025-03-26 00:00:00,2025,3,BEN,496.0,420,657189237.0,24,15
2025-03-26 00:00:00,2025,3,HPL,0.0,0,0.0,0,0
2025-03-26 00:00:00,2025,3,PIL,0.0,0,0.0,0,0
2025-03-26 00:00:00,2025,3,KAL,0.0,0,0.0,0,0
2025-03-26 00:00:00,2025,3,XCL,0.0,0,0.0,0,0
2025-03-26 00:00:00,2025,3,KSL,0.0,0,0.0,0,0
2025-03-26 00:00:00,2025,3,ACL,0.0,0,0.0,0,0
2025-03-26 00:00:00,2025,3,ESL,0.0,0,0.0,0,0
