TANGGAL,YEAR,MONTH,LOP,TEUS
2022-01-01 00:00:00,2022,1,TANTO INTIM LINE,3232
2022-01-02 00:00:00,2022,1,SALAM PACIFIC LINE,2438
2022-01-03 00:00:00,2022,1,MERATUS,0
2022-01-04 00:00:00,2022,1,TEMAS,0
2022-01-05 00:00:00,2022,1,ICON LINE,2543
2022-02-01 00:00:00,2022,2,TANTO INTIM LINE,4185
2022-02-02 00:00:00,2022,2,SALAM PACIFIC LINE,4171
2022-02-03 00:00:00,2022,2,MERATUS,0
2022-02-04 00:00:00,2022,2,TEMAS,0
2022-02-05 00:00:00,2022,2,ICON LINE,6077
2022-03-01 00:00:00,2022,3,TANTO INTIM LINE,3549
2022-03-02 00:00:00,2022,3,SALAM PACIFIC LINE,5684
2022-03-03 00:00:00,2022,3,MERATUS,0
2022-03-04 00:00:00,2022,3,TEMAS,0
2022-03-05 00:00:00,2022,3,ICON LINE,9318
2022-04-01 00:00:00,2022,4,TANTO INTIM LINE,8966
2022-04-02 00:00:00,2022,4,SALAM PACIFIC LINE,7940
2022-04-03 00:00:00,2022,4,MERATUS,63
2022-04-04 00:00:00,2022,4,TEMAS,0
2022-04-05 00:00:00,2022,4,ICON LINE,11611
2022-05-01 00:00:00,2022,5,TANTO INTIM LINE,12171
2022-05-02 00:00:00,2022,5,SALAM PACIFIC LINE,8671
2022-05-03 00:00:00,2022,5,MERATUS,63
2022-05-04 00:00:00,2022,5,TEMAS,0
2022-05-05 00:00:00,2022,5,ICON LINE,13949
2022-06-01 00:00:00,2022,6,TANTO INTIM LINE,15610
2022-06-02 00:00:00,2022,6,SALAM PACIFIC LINE,10417
2022-06-03 00:00:00,2022,6,MERATUS,63
2022-06-04 00:00:00,2022,6,TEMAS,0
2022-06-05 00:00:00,2022,6,ICON LINE,16437
2022-07-01 00:00:00,2022,7,TANTO INTIM LINE,17213
2022-07-02 00:00:00,2022,7,SALAM PACIFIC LINE,11331
2022-07-03 00:00:00,2022,7,MERATUS,67
2022-07-04 00:00:00,2022,7,TEMAS,0
2022-07-05 00:00:00,2022,7,ICON LINE,18934
2022-08-01 00:00:00,2022,8,TANTO INTIM LINE,20568
2022-08-02 00:00:00,2022,8,SALAM PACIFIC LINE,11311
2022-08-03 00:00:00,2022,8,MERATUS,69
2022-08-04 00:00:00,2022,8,TEMAS,0
2022-08-05 00:00:00,2022,8,ICON LINE,22059
2022-09-01 00:00:00,2022,9,TANTO INTIM LINE,22194
2022-09-02 00:00:00,2022,9,SALAM PACIFIC LINE,11331
2022-09-03 00:00:00,2022,9,MERATUS,73
2022-09-04 00:00:00,2022,9,TEMAS,0
2022-09-05 00:00:00,2022,9,ICON LINE,25421
2022-10-01 00:00:00,2022,10,TANTO INTIM LINE,25077
2022-10-02 00:00:00,2022,10,SALAM PACIFIC LINE,11331
2022-10-03 00:00:00,2022,10,MERATUS,303
2022-10-04 00:00:00,2022,10,TEMAS,0
2022-10-05 00:00:00,2022,10,ICON LINE,25429
2022-11-01 00:00:00,2022,11,TANTO INTIM LINE,27779
2022-11-02 00:00:00,2022,11,SALAM PACIFIC LINE,13281
2022-11-03 00:00:00,2022,11,MERATUS,716
2022-11-04 00:00:00,2022,11,TEMAS,0
2022-11-05 00:00:00,2022,11,ICON LINE,25430
2022-12-01 00:00:00,2022,12,TANTO INTIM LINE,30767
2022-12-02 00:00:00,2022,12,SALAM PACIFIC LINE,14327
2022-12-03 00:00:00,2022,12,MERATUS,1186
2022-12-04 00:00:00,2022,12,TEMAS,0
2022-12-05 00:00:00,2022,12,ICON LINE,25431
2023-01-01 00:00:00,2023,1,TANTO INTIM LINE,3496
2023-01-02 00:00:00,2023,1,SALAM PACIFIC LINE,548
2023-01-03 00:00:00,2023,1,MERATUS,257
2023-01-04 00:00:00,2023,1,TEMAS,0
2023-01-05 00:00:00,2023,1,ICON LINE,0
2023-02-01 00:00:00,2023,2,TANTO INTIM LINE,6583
2023-02-02 00:00:00,2023,2,SALAM PACIFIC LINE,728
2023-02-03 00:00:00,2023,2,MERATUS,482
2023-02-04 00:00:00,2023,2,TEMAS,0
2023-02-05 00:00:00,2023,2,ICON LINE,0
2023-03-01 00:00:00,2023,3,TANTO INTIM LINE,8317
2023-03-02 00:00:00,2023,3,SALAM PACIFIC LINE,1650
2023-03-03 00:00:00,2023,3,MERATUS,682
2023-03-04 00:00:00,2023,3,TEMAS,0
2023-03-05 00:00:00,2023,3,ICON LINE,0
2023-04-01 00:00:00,2023,4,TANTO INTIM LINE,9449
2023-04-02 00:00:00,2023,4,SALAM PACIFIC LINE,1650
2023-04-03 00:00:00,2023,4,MERATUS,715
2023-04-04 00:00:00,2023,4,TEMAS,0
2023-04-05 00:00:00,2023,4,ICON LINE,0
2023-05-01 00:00:00,2023,5,TANTO INTIM LINE,21205
2023-05-02 00:00:00,2023,5,SALAM PACIFIC LINE,1650
2023-05-03 00:00:00,2023,5,MERATUS,730
2023-05-04 00:00:00,2023,5,TEMAS,730
2023-05-05 00:00:00,2023,5,ICON LINE,0
2023-06-01 00:00:00,2023,6,TANTO INTIM LINE,24028
2023-06-02 00:00:00,2023,6,SALAM PACIFIC LINE,3778
2023-06-03 00:00:00,2023,6,MERATUS,858
2023-06-04 00:00:00,2023,6,TEMAS,0
2023-06-05 00:00:00,2023,6,ICON LINE,0
2023-07-01 00:00:00,2023,7,TANTO INTIM LINE,24075
2023-07-02 00:00:00,2023,7,SALAM PACIFIC LINE,4875
2023-07-03 00:00:00,2023,7,MERATUS,1468
2023-07-04 00:00:00,2023,7,TEMAS,910
2023-07-05 00:00:00,2023,7,ICON LINE,164
2023-08-01 00:00:00,2023,8,TANTO INTIM LINE,28179
2023-08-02 00:00:00,2023,8,SALAM PACIFIC LINE,7515
2023-08-03 00:00:00,2023,8,MERATUS,2013
2023-08-04 00:00:00,2023,8,TEMAS,1039
2023-08-05 00:00:00,2023,8,ICON LINE,1026
2023-09-01 00:00:00,2023,9,TANTO INTIM LINE,31025
2023-09-02 00:00:00,2023,9,SALAM PACIFIC LINE,11363
2023-09-03 00:00:00,2023,9,MERATUS,2020
2023-09-04 00:00:00,2023,9,TEMAS,1039
2023-09-05 00:00:00,2023,9,ICON LINE,2107
2023-10-01 00:00:00,2023,10,TANTO INTIM LINE,33045
2023-10-02 00:00:00,2023,10,SALAM PACIFIC LINE,16145
2023-10-03 00:00:00,2023,10,MERATUS,2129
2023-10-04 00:00:00,2023,10,TEMAS,1333
2023-10-05 00:00:00,2023,10,ICON LINE,2107
2023-11-01 00:00:00,2023,11,TANTO INTIM LINE,36194
2023-11-02 00:00:00,2023,11,SALAM PACIFIC LINE,21009
2023-11-03 00:00:00,2023,11,MERATUS,3162
2023-11-04 00:00:00,2023,11,TEMAS,2451
2023-11-05 00:00:00,2023,11,ICON LINE,2107
2023-12-01 00:00:00,2023,12,TANTO INTIM LINE,39247
2023-12-02 00:00:00,2023,12,SALAM PACIFIC LINE,26392
2023-12-03 00:00:00,2023,12,MERATUS,4257
2023-12-04 00:00:00,2023,12,TEMAS,4048
2023-12-05 00:00:00,2023,12,ICON LINE,2506
2024-01-01 00:00:00,2024,1,TANTO INTIM LINE,4338
2024-01-02 00:00:00,2024,1,SALAM PACIFIC LINE,5559
2024-01-03 00:00:00,2024,1,MERATUS,191
2024-01-04 00:00:00,2024,1,TEMAS,1807
2024-01-05 00:00:00,2024,1,ICON LINE,0
2024-02-01 00:00:00,2024,2,TANTO INTIM LINE,8389
2024-02-02 00:00:00,2024,2,SALAM PACIFIC LINE,9159
2024-02-03 00:00:00,2024,2,MERATUS,191
2024-02-04 00:00:00,2024,2,TEMAS,0
2024-02-05 00:00:00,2024,2,ICON LINE,0
03/2024,2024,3,TANTO,13983
03/2024,2024,3,SPI,11542
03/2024,2024,3,ICN,399
03/2024,2024,3,MERATUS,191
03/2024,2024,3,TEMPURAN EMAS,0
