tanggal,year,month,lop,teus,persentase,sumber_sheet
01/2022,2022,1,CMA,12085,0.146418985732448,SL INT
01/2022,2022,1,EMC,12494,0.0813910741857216,SL INT
01/2022,2022,1,MSK,14065,-0.4222873900293255,SL INT
01/2022,2022,1,MSC,11120,-0.0340338478705597,SL INT
01/2022,2022,1,ONE,12015,-0.1343466767371601,SL INT
01/2022,2022,1,WHL,6221,0.1215758260378424,SL INT
01/2022,2022,1,COSCO,10768,-0.5480161012075906,SL INT
01/2022,2022,1,OOCL,5100,0.0436902306394149,SL INT
01/2022,2022,1,RCL,618,0.8179139658220389,SL INT
01/2022,2022,1,HAPAG,0,0.0,SL INT
01/2022,2022,1,SITC,4174,-0.2396792396792396,SL INT
01/2022,2022,1,KMTC,3316,-0.9785202863961814,SL INT
01/2022,2022,1,YML,2275,0.1296863045141545,SL INT
01/2022,2022,1,GSL,1186,0.2263535551206784,SL INT
01/2022,2022,1,OTHERS,2347,0.2756172839506173,SL INT
01/2022,2022,1,SSL,2157,-1.5678571428571428,SL INT
01/2022,2022,1,PIL,2262,-1.298780487804878,SL INT
01/2022,2022,1,ANL,0,0.0,SL INT
01/2022,2022,1,HMM,1559,-2.642523364485981,SL INT
01/2022,2022,1,XCL,1542,-6.748743718592965,SL INT
01/2022,2022,1,MELL,255,0.0,SL INT
01/2022,2022,1,BEN,0,0.0,SL INT
01/2022,2022,1,KRL,0,0.0,SL INT
2022-02-01 00:00:00,2022,2,KSL,0,0.0,SL INT
2022-02-02 00:00:00,2022,2,CMA,25419,0.0289567177293043,SL INT
2022-02-03 00:00:00,2022,2,EMC,26036,0.0122913505311077,SL INT
2022-02-04 00:00:00,2022,2,MSK,27297,-0.1724004638577503,SL INT
2022-02-05 00:00:00,2022,2,MSC,22751,-0.2030564221881444,SL INT
2022-02-06 00:00:00,2022,2,ONE,21359,-0.0728852722523608,SL INT
2022-02-07 00:00:00,2022,2,WHL,13712,0.0228746526045749,SL INT
2022-02-08 00:00:00,2022,2,COSCO,23893,-0.6796485061511424,SL INT
2022-02-09 00:00:00,2022,2,OOCL,9161,0.1717747039146551,SL INT
2022-02-10 00:00:00,2022,2,RCL,1061,0.8441539365452408,SL INT
2022-02-11 00:00:00,2022,2,HAPAG,0,0.0,SL INT
2022-02-12 00:00:00,2022,2,SITC,7321,-0.2331143675256863,SL INT
2022-02-13 00:00:00,2022,2,KMTC,5047,-0.4800586510263929,SL INT
2022-02-14 00:00:00,2022,2,YML,4176,0.2141512984569062,SL INT
2022-02-15 00:00:00,2022,2,GSL,2395,0.2585139318885449,SL INT
2022-02-16 00:00:00,2022,2,OTHERS,4257,0.3212691326530612,SL INT
2022-02-17 00:00:00,2022,2,SSL,3774,-1.2160892542571933,SL INT
2022-02-18 00:00:00,2022,2,PIL,4322,-0.7662443808745403,SL INT
2022-02-19 00:00:00,2022,2,ANL,0,1.0,SL INT
2022-02-20 00:00:00,2022,2,HMM,3142,-2.566401816118048,SL INT
2022-02-21 00:00:00,2022,2,XCL,2448,-4.44,SL INT
2022-02-22 00:00:00,2022,2,MELL,261,-2.2625,SL INT
2022-02-23 00:00:00,2022,2,BEN,0,0.0,SL INT
2022-02-24 00:00:00,2022,2,KRL,206,-1.9428571428571428,SL INT
2022-02-25 00:00:00,2022,2,KSL,0,0.0,SL INT
2022-03-01 00:00:00,2022,3,CMA,34294,0.1940873733931802,SL INT
2022-03-02 00:00:00,2022,3,EMC,38881,0.1138839509549204,SL INT
2022-03-03 00:00:00,2022,3,MSK,41446,-0.1401925722145804,SL INT
2022-03-04 00:00:00,2022,3,MSC,32928,-0.1105564924114671,SL INT
2022-03-05 00:00:00,2022,3,ONE,32622,-0.0322437743252222,SL INT
2022-03-06 00:00:00,2022,3,WHL,17560,0.2926770321437203,SL INT
2022-03-07 00:00:00,2022,3,COSCO,34027,-0.5533896370691623,SL INT
2022-03-08 00:00:00,2022,3,OOCL,14084,0.1835362318840579,SL INT
2022-03-09 00:00:00,2022,3,RCL,2672,0.7322913535717864,SL INT
2022-03-10 00:00:00,2022,3,HAPAG,6210,0.3225700883604233,SL INT
2022-03-11 00:00:00,2022,3,SITC,10680,-0.1731107205623901,SL INT
2022-03-12 00:00:00,2022,3,KMTC,8354,-0.4633035557891049,SL INT
2022-03-13 00:00:00,2022,3,YML,7456,0.0526048284625158,SL INT
2022-03-14 00:00:00,2022,3,GSL,3437,0.3470744680851064,SL INT
2022-03-15 00:00:00,2022,3,OTHERS,9910,0.1859032284564199,SL INT
2022-03-16 00:00:00,2022,3,SSL,5173,-0.7186046511627907,SL INT
2022-03-17 00:00:00,2022,3,PIL,6996,-0.8199791883454735,SL INT
2022-03-18 00:00:00,2022,3,ANL,0,1.0,SL INT
2022-03-19 00:00:00,2022,3,HMM,4666,-2.189336978810663,SL INT
2022-03-20 00:00:00,2022,3,XCL,4010,-4.608391608391608,SL INT
2022-03-21 00:00:00,2022,3,MELL,269,0.2314285714285714,SL INT
2022-03-22 00:00:00,2022,3,BEN,0,0.0,SL INT
2022-03-23 00:00:00,2022,3,KRL,112,-0.6,SL INT
2022-03-24 00:00:00,2022,3,KSL,0,0.0,SL INT
2022-04-01 00:00:00,2022,4,CMA,48138,0.1831048058647841,SL INT
2022-04-02 00:00:00,2022,4,EMC,55238,0.0093260159977043,SL INT
2022-04-03 00:00:00,2022,4,MSK,61173,-0.1779669176407155,SL INT
2022-04-04 00:00:00,2022,4,MSC,41616,-0.0521312635890175,SL INT
2022-04-05 00:00:00,2022,4,ONE,42913,-0.0525889769187372,SL INT
2022-04-06 00:00:00,2022,4,WHL,22810,0.2734511864946647,SL INT
2022-04-07 00:00:00,2022,4,COSCO,45728,-0.649341749323715,SL INT
2022-04-08 00:00:00,2022,4,OOCL,18000,0.1782322863403944,SL INT
2022-04-09 00:00:00,2022,4,RCL,5811,0.5402689873417722,SL INT
2022-04-10 00:00:00,2022,4,HAPAG,8478,0.2967233513065118,SL INT
2022-04-11 00:00:00,2022,4,SITC,13846,-0.145054581541515,SL INT
2022-04-12 00:00:00,2022,4,KMTC,10478,-0.3823218997361478,SL INT
2022-04-13 00:00:00,2022,4,YML,9387,0.0581920337112471,SL INT
2022-04-14 00:00:00,2022,4,GSL,3829,0.4472354554641259,SL INT
2022-04-15 00:00:00,2022,4,OTHERS,8887,0.4722684085510689,SL INT
2022-04-16 00:00:00,2022,4,SSL,6659,-0.6369223205506391,SL INT
2022-04-17 00:00:00,2022,4,PIL,9897,-1.0990455991516437,SL INT
2022-04-18 00:00:00,2022,4,ANL,3304,-0.2831067961165048,SL INT
2022-04-19 00:00:00,2022,4,HMM,6193,-2.4253318584070795,SL INT
2022-04-20 00:00:00,2022,4,XCL,5196,-4.280487804878049,SL INT
2022-04-21 00:00:00,2022,4,MELL,480,-0.3714285714285714,SL INT
2022-04-22 00:00:00,2022,4,BEN,0,0.0,SL INT
2022-04-23 00:00:00,2022,4,KRL,318,-3.5428571428571427,SL INT
2022-04-24 00:00:00,2022,4,KSL,285,0.0,SL INT
2022-05-01 00:00:00,2022,5,CMA,60113,0.2402396329672274,SL INT
2022-05-02 00:00:00,2022,5,EMC,65036,0.1124152143354305,SL INT
2022-05-03 00:00:00,2022,5,MSK,75633,-0.1443593778369545,SL INT
2022-05-04 00:00:00,2022,5,MSC,50535,0.0749418806860824,SL INT
2022-05-05 00:00:00,2022,5,ONE,52795,-0.0002462960857868,SL INT
2022-05-06 00:00:00,2022,5,WHL,27038,0.2986979301758572,SL INT
2022-05-07 00:00:00,2022,5,COSCO,56025,-0.5699433951689739,SL INT
2022-05-08 00:00:00,2022,5,OOCL,22510,0.1820494186046511,SL INT
2022-05-09 00:00:00,2022,5,RCL,7563,0.5371197747720179,SL INT
2022-05-10 00:00:00,2022,5,HAPAG,10481,0.3067204656700621,SL INT
2022-05-11 00:00:00,2022,5,SITC,16806,-0.0952101661779081,SL INT
2022-05-12 00:00:00,2022,5,KMTC,11364,-0.1076023391812865,SL INT
2022-05-13 00:00:00,2022,5,YML,11682,0.0694599330890552,SL INT
2022-05-14 00:00:00,2022,5,GSL,4695,0.481959616021185,SL INT
2022-05-15 00:00:00,2022,5,OTHERS,11760,-0.1558875565166109,SL INT
2022-05-16 00:00:00,2022,5,SSL,8756,-0.6107431935246505,SL INT
2022-05-17 00:00:00,2022,5,PIL,11250,-1.0222901312241597,SL INT
2022-05-18 00:00:00,2022,5,ANL,4080,-0.1349095966620306,SL INT
2022-05-19 00:00:00,2022,5,HMM,7059,-1.954792800334868,SL INT
2022-05-20 00:00:00,2022,5,XCL,5932,-3.5282442748091603,SL INT
2022-05-21 00:00:00,2022,5,MELL,495,-0.2595419847328244,SL INT
2022-05-22 00:00:00,2022,5,BEN,0,0.0,SL INT
2022-05-23 00:00:00,2022,5,KRL,318,-3.5428571428571427,SL INT
2022-05-24 00:00:00,2022,5,KSL,333,0.0,SL INT
2022-06-01 00:00:00,2022,6,CMA,78840,0.1664640270656023,SL INT
2022-06-02 00:00:00,2022,6,EMC,80647,0.0972114943300757,SL INT
2022-06-03 00:00:00,2022,6,MSK,89453,-0.0576641127506621,SL INT
2022-06-04 00:00:00,2022,6,MSC,59848,0.0905112151237006,SL INT
2022-06-05 00:00:00,2022,6,ONE,63478,0.0143014643084519,SL INT
2022-06-06 00:00:00,2022,6,WHL,31937,0.2745712663259512,SL INT
2022-06-07 00:00:00,2022,6,COSCO,67829,-0.5739412924933287,SL INT
2022-06-08 00:00:00,2022,6,OOCL,27553,0.1519544475223145,SL INT
2022-06-09 00:00:00,2022,6,RCL,11183,0.436255482179765,SL INT
2022-06-10 00:00:00,2022,6,HAPAG,12908,0.2890504516413307,SL INT
2022-06-11 00:00:00,2022,6,SITC,19090,-0.030443700744899,SL INT
2022-06-12 00:00:00,2022,6,KMTC,12493,0.0742497221193034,SL INT
2022-06-13 00:00:00,2022,6,YML,13911,0.1017047655947307,SL INT
2022-06-14 00:00:00,2022,6,GSL,6009,0.4400335476656416,SL INT
2022-06-15 00:00:00,2022,6,OTHERS,14710,-0.1994455316373124,SL INT
2022-06-16 00:00:00,2022,6,SSL,10483,-0.485896527285613,SL INT
2022-06-17 00:00:00,2022,6,PIL,12657,-0.929714895563348,SL INT
2022-06-18 00:00:00,2022,6,ANL,5269,-0.2509496676163343,SL INT
2022-06-19 00:00:00,2022,6,HMM,7819,-1.5805280528052803,SL INT
2022-06-20 00:00:00,2022,6,XCL,6536,-3.3170409511228534,SL INT
2022-06-21 00:00:00,2022,6,MELL,496,0.3288227334235453,SL INT
2022-06-22 00:00:00,2022,6,BEN,0,0.0,SL INT
2022-06-23 00:00:00,2022,6,KRL,510,-6.285714285714286,SL INT
2022-06-24 00:00:00,2022,6,KSL,778,0.0,SL INT
2022-07-01 00:00:00,2022,7,CMA,96589,0.1748620342052657,SL INT
2022-07-02 00:00:00,2022,7,EMC,95541,0.1083933704132293,SL INT
2022-07-03 00:00:00,2022,7,MSK,103180,-0.0206746463547334,SL INT
2022-07-04 00:00:00,2022,7,MSC,69137,0.1193524144343816,SL INT
2022-07-05 00:00:00,2022,7,ONE,72893,0.0361638546570053,SL INT
2022-07-06 00:00:00,2022,7,WHL,37284,0.2809257473481196,SL INT
2022-07-07 00:00:00,2022,7,COSCO,79527,-0.6020426663443524,SL INT
2022-07-08 00:00:00,2022,7,OOCL,32599,0.1281125464708871,SL INT
2022-07-09 00:00:00,2022,7,RCL,13863,0.4270540585220698,SL INT
2022-07-10 00:00:00,2022,7,HAPAG,15329,0.2810037523452157,SL INT
2022-07-11 00:00:00,2022,7,SITC,22566,-0.0203933981460547,SL INT
2022-07-12 00:00:00,2022,7,KMTC,14851,0.1168529971455756,SL INT
2022-07-13 00:00:00,2022,7,YML,17092,0.0289739802295193,SL INT
2022-07-14 00:00:00,2022,7,GSL,7917,0.3442935232731489,SL INT
2022-07-15 00:00:00,2022,7,OTHERS,18015,-0.3128552689112374,SL INT
2022-07-16 00:00:00,2022,7,SSL,11575,-0.3358338141950375,SL INT
2022-07-17 00:00:00,2022,7,PIL,13925,-0.7829705505761844,SL INT
2022-07-18 00:00:00,2022,7,ANL,6282,-0.1768452603971524,SL INT
2022-07-19 00:00:00,2022,7,HMM,8887,-1.1975766567754698,SL INT
2022-07-20 00:00:00,2022,7,XCL,7228,-2.7104722792607805,SL INT
2022-07-21 00:00:00,2022,7,MELL,502,0.6351744186046512,SL INT
2022-07-22 00:00:00,2022,7,BEN,0,0.0,SL INT
2022-07-23 00:00:00,2022,7,KRL,510,-6.285714285714286,SL INT
2022-07-24 00:00:00,2022,7,KSL,778,0.0,SL INT
2022-08-01 00:00:00,2022,8,CMA,117329,0.1328169461710729,SL INT
2022-08-02 00:00:00,2022,8,EMC,109168,0.1268376177755027,SL INT
2022-08-03 00:00:00,2022,8,MSK,118877,-0.0293093893949364,SL INT
2022-08-04 00:00:00,2022,8,MSC,81279,0.1277392629477796,SL INT
2022-08-05 00:00:00,2022,8,ONE,80591,0.0714894695608092,SL INT
2022-08-06 00:00:00,2022,8,WHL,43163,0.2720511350220932,SL INT
2022-08-07 00:00:00,2022,8,COSCO,89952,-0.6425388941640494,SL INT
2022-08-08 00:00:00,2022,8,OOCL,37879,0.1136097720784387,SL INT
2022-08-09 00:00:00,2022,8,RCL,17567,0.3568264196536448,SL INT
2022-08-10 00:00:00,2022,8,HAPAG,17257,0.2913809386933848,SL INT
2022-08-11 00:00:00,2022,8,SITC,26112,-0.0428531490874236,SL INT
2022-08-12 00:00:00,2022,8,KMTC,17448,0.1242282788736636,SL INT
2022-08-13 00:00:00,2022,8,YML,19454,0.0389289595889734,SL INT
2022-08-14 00:00:00,2022,8,GSL,9467,0.3301018964053213,SL INT
2022-08-15 00:00:00,2022,8,OTHERS,21627,-0.4809970553995754,SL INT
2022-08-16 00:00:00,2022,8,SSL,12620,-0.2290611608881963,SL INT
2022-08-17 00:00:00,2022,8,PIL,15468,-0.7234540389972145,SL INT
2022-08-18 00:00:00,2022,8,ANL,7314,-0.1666932525123624,SL INT
2022-08-19 00:00:00,2022,8,HMM,10073,-1.110412738319715,SL INT
2022-08-20 00:00:00,2022,8,XCL,7734,-2.070265978562922,SL INT
2022-08-21 00:00:00,2022,8,MELL,743,0.5593119810201661,SL INT
2022-08-22 00:00:00,2022,8,BEN,0,1.0,SL INT
2022-08-23 00:00:00,2022,8,KRL,803,-10.471428571428572,SL INT
2022-08-24 00:00:00,2022,8,KSL,0,0.0,SL INT
2022-09-01 00:00:00,2022,9,CMA,133054,0.1243336448475116,SL INT
2022-09-02 00:00:00,2022,9,EMC,119331,0.1539688616641143,SL INT
2022-09-03 00:00:00,2022,9,MSK,131509,0.0120424905342869,SL INT
2022-09-04 00:00:00,2022,9,MSC,88856,0.1968327427868971,SL INT
2022-09-05 00:00:00,2022,9,ONE,91264,0.0787090782447179,SL INT
2022-09-06 00:00:00,2022,9,WHL,48737,0.2674872997264556,SL INT
2022-09-07 00:00:00,2022,9,COSCO,97974,-0.6170795715252447,SL INT
2022-09-08 00:00:00,2022,9,OOCL,43534,0.0768088896428874,SL INT
2022-09-09 00:00:00,2022,9,RCL,20890,0.3176101656159148,SL INT
2022-09-10 00:00:00,2022,9,HAPAG,19522,0.3038547944228506,SL INT
2022-09-11 00:00:00,2022,9,SITC,29046,-0.0096635150166852,SL INT
2022-09-12 00:00:00,2022,9,KMTC,19630,0.130184331797235,SL INT
2022-09-13 00:00:00,2022,9,YML,22124,-0.0044948921679909,SL INT
2022-09-14 00:00:00,2022,9,GSL,11034,0.3073011488480131,SL INT
2022-09-15 00:00:00,2022,9,OTHERS,24635,-0.6216838917780264,SL INT
2022-09-16 00:00:00,2022,9,SSL,13275,-0.1426235152349802,SL INT
2022-09-17 00:00:00,2022,9,PIL,17045,-0.6119727633818801,SL INT
2022-09-18 00:00:00,2022,9,ANL,8410,-0.1719620958751393,SL INT
2022-09-19 00:00:00,2022,9,HMM,10933,-1.0238800444279896,SL INT
2022-09-20 00:00:00,2022,9,XCL,8211,-1.665909090909091,SL INT
2022-09-21 00:00:00,2022,9,MELL,804,0.58125,SL INT
2022-09-22 00:00:00,2022,9,BEN,0,1.0,SL INT
2022-09-23 00:00:00,2022,9,KRL,803,-10.471428571428572,SL INT
2022-09-24 00:00:00,2022,9,KSL,0,0.0,SL INT
2022-10-01 00:00:00,2022,10,CMA,158915,0.0581921841478303,SL INT
2022-10-02 00:00:00,2022,10,EMC,134265,0.1506784324888509,SL INT
2022-10-03 00:00:00,2022,10,MSK,148638,0.0362762832856781,SL INT
2022-10-04 00:00:00,2022,10,MSC,97534,0.2123492881312132,SL INT
2022-10-05 00:00:00,2022,10,ONE,103014,0.0804702353854805,SL INT
2022-10-06 00:00:00,2022,10,WHL,54822,0.2606309088702173,SL INT
2022-10-07 00:00:00,2022,10,COSCO,106522,-0.5516000757432304,SL INT
2022-10-08 00:00:00,2022,10,OOCL,49713,0.0508438979685352,SL INT
2022-10-09 00:00:00,2022,10,RCL,24778,0.2729246750198069,SL INT
2022-10-10 00:00:00,2022,10,HAPAG,19522,0.3938020121724009,SL INT
2022-10-11 00:00:00,2022,10,SITC,32194,-0.002616007474307,SL INT
2022-10-12 00:00:00,2022,10,KMTC,21837,0.1388176834799069,SL INT
2022-10-13 00:00:00,2022,10,YML,24871,-0.0284072113794244,SL INT
2022-10-14 00:00:00,2022,10,GSL,12339,0.3158682634730539,SL INT
2022-10-15 00:00:00,2022,10,OTHERS,27905,-0.7339837196296527,SL INT
2022-10-16 00:00:00,2022,10,SSL,14221,-0.0693285209414241,SL INT
2022-10-17 00:00:00,2022,10,PIL,18498,-0.5714892532495115,SL INT
2022-10-18 00:00:00,2022,10,ANL,0,1.0,SL INT
2022-10-19 00:00:00,2022,10,HMM,11851,-0.9408778250900752,SL INT
2022-10-20 00:00:00,2022,10,XCL,8413,-1.2087161984772907,SL INT
2022-10-21 00:00:00,2022,10,MELL,850,0.602803738317757,SL INT
2022-10-22 00:00:00,2022,10,BEN,0,1.0,SL INT
2022-10-23 00:00:00,2022,10,KRL,1146,-15.371428571428572,SL INT
2022-10-24 00:00:00,2022,10,KSL,983,0.0,SL INT
2022-11-01 00:00:00,2022,11,CMA,176873,0.0373367876211676,SL INT
2022-11-02 00:00:00,2022,11,EMC,148163,0.164261862322601,SL INT
2022-11-03 00:00:00,2022,11,MSK,163753,0.0281778743152859,SL INT
2022-11-04 00:00:00,2022,11,MSC,107820,0.2005042266053685,SL INT
2022-11-05 00:00:00,2022,11,ONE,113352,0.0945891975653785,SL INT
2022-11-06 00:00:00,2022,11,WHL,60705,0.2519685039370078,SL INT
2022-11-07 00:00:00,2022,11,COSCO,113737,-0.5026290757279501,SL INT
2022-11-08 00:00:00,2022,11,OOCL,55295,0.0323229848447726,SL INT
2022-11-09 00:00:00,2022,11,RCL,28079,0.2517653955818477,SL INT
2022-11-10 00:00:00,2022,11,HAPAG,19522,0.4489202540578687,SL INT
2022-11-11 00:00:00,2022,11,SITC,35487,-0.0050412076241184,SL INT
2022-11-12 00:00:00,2022,11,KMTC,23985,0.137571464528424,SL INT
2022-11-13 00:00:00,2022,11,YML,27994,-0.0840303593556381,SL INT
2022-11-14 00:00:00,2022,11,GSL,14432,0.2661446150716973,SL INT
2022-11-15 00:00:00,2022,11,OTHERS,31313,-0.8108373814480685,SL INT
2022-11-16 00:00:00,2022,11,SSL,15222,-0.0307421451787648,SL INT
2022-11-17 00:00:00,2022,11,PIL,19854,-0.5259395895780493,SL INT
2022-11-18 00:00:00,2022,11,ANL,0,1.0,SL INT
2022-11-19 00:00:00,2022,11,HMM,12592,-0.9414122725871108,SL INT
2022-11-20 00:00:00,2022,11,XCL,8558,-0.913257321708026,SL INT
2022-11-21 00:00:00,2022,11,MELL,894,0.6578645235361653,SL INT
2022-11-22 00:00:00,2022,11,BEN,0,1.0,SL INT
2022-11-23 00:00:00,2022,11,KRL,1146,-15.371428571428572,SL INT
2022-11-24 00:00:00,2022,11,KSL,983,0.0,SL INT
2022-12-01 00:00:00,2022,12,CMA,199067,0.0219327768251519,SL INT
2022-12-02 00:00:00,2022,12,EMC,163326,0.158976101833686,SL INT
2022-12-03 00:00:00,2022,12,MSK,179658,0.0306833202945857,SL INT
2022-12-04 00:00:00,2022,12,MSC,115596,0.2042186133924453,SL INT
2022-12-05 00:00:00,2022,12,ONE,124359,0.1092910656219112,SL INT
2022-12-06 00:00:00,2022,12,WHL,68490,0.2272891375964619,SL INT
2022-12-07 00:00:00,2022,12,COSCO,121343,-0.4589931344611574,SL INT
2022-12-08 00:00:00,2022,12,OOCL,60927,0.0234179649932679,SL INT
2022-12-09 00:00:00,2022,12,RCL,31561,0.2334167253649413,SL INT
2022-12-10 00:00:00,2022,12,HAPAG,28766,0.2812991880074953,SL INT
2022-12-11 00:00:00,2022,12,SITC,39109,0.0031097856287119,SL INT
2022-12-12 00:00:00,2022,12,KMTC,26467,0.1438783761927866,SL INT
2022-12-13 00:00:00,2022,12,YML,30386,-0.1010617096061166,SL INT
2022-12-14 00:00:00,2022,12,GSL,16092,0.2519871705480407,SL INT
2022-12-15 00:00:00,2022,12,OTHERS,34782,-0.7951073492981008,SL INT
2022-12-16 00:00:00,2022,12,SSL,15947,0.0381785283474065,SL INT
2022-12-17 00:00:00,2022,12,PIL,20909,-0.4556530214424951,SL INT
2022-12-18 00:00:00,2022,12,ANL,0,1.0,SL INT
2022-12-19 00:00:00,2022,12,HMM,13160,-0.8467583497053045,SL INT
2022-12-20 00:00:00,2022,12,XCL,9169,-0.8341668333666733,SL INT
2022-12-21 00:00:00,2022,12,MELL,1034,0.6664516129032259,SL INT
2022-12-22 00:00:00,2022,12,BEN,0,1.0,SL INT
2022-12-23 00:00:00,2022,12,KRL,1275,-17.214285714285715,SL INT
2022-12-24 00:00:00,2022,12,KSL,983,0.0,SL INT
2023-01-01 00:00:00,2023,1,CMA,14158,0.2564856632706648,SL INT
2023-01-02 00:00:00,2023,1,EMC,13601,0.180909364649202,SL INT
2023-01-03 00:00:00,2023,1,MSK,9889,0.3019200903571933,SL INT
2023-01-04 00:00:00,2023,1,MSC,10754,-0.0328467153284671,SL INT
2023-01-05 00:00:00,2023,1,ONE,10592,0.1566878980891719,SL INT
2023-01-06 00:00:00,2023,1,WHL,7082,-0.1573786566432423,SL INT
2023-01-07 00:00:00,2023,1,COSCO,6956,0.1600048303345006,SL INT
2023-01-08 00:00:00,2023,1,OOCL,5333,0.0083674228337672,SL INT
2023-01-09 00:00:00,2023,1,RCL,3394,0.1241290322580645,SL INT
2023-01-10 00:00:00,2023,1,HAPAG,0,1.0,SL INT
2023-01-11 00:00:00,2023,1,SITC,3367,0.2198795180722891,SL INT
2023-01-12 00:00:00,2023,1,KMTC,1676,0.4739485247959824,SL INT
2023-01-13 00:00:00,2023,1,YML,2614,-0.2255039849976559,SL INT
2023-01-14 00:00:00,2023,1,GSL,1533,-0.0492813141683778,SL INT
2023-01-15 00:00:00,2023,1,OTHERS,3240,-0.5743440233236151,SL INT
2023-01-16 00:00:00,2023,1,SSL,840,0.5084844938560562,SL INT
2023-01-17 00:00:00,2023,1,PIL,984,0.2465543644716692,SL INT
2023-01-18 00:00:00,2023,1,ANL,0,1.0,SL INT
2023-01-19 00:00:00,2023,1,HMM,428,0.3495440729483283,SL INT
2023-01-20 00:00:00,2023,1,XCL,199,0.6846275752773375,SL INT
2023-01-21 00:00:00,2023,1,MELL,0,1.0,SL INT
2023-01-22 00:00:00,2023,1,BEN,0,1.0,SL INT
2023-01-23 00:00:00,2023,1,KRL,0,0.0,SL INT
2023-02-01 00:00:00,2023,2,KSL,0,0.0,SL INT
2023-02-02 00:00:00,2023,2,CMA,26177,0.2598467497950066,SL INT
2023-02-03 00:00:00,2023,2,EMC,26360,0.2308365673601587,SL INT
2023-02-04 00:00:00,2023,2,MSK,23283,0.1965284008558216,SL INT
2023-02-05 00:00:00,2023,2,MSC,18911,0.0533613655704059,SL INT
2023-02-06 00:00:00,2023,2,ONE,19908,0.1635996975044114,SL INT
2023-02-07 00:00:00,2023,2,WHL,14033,-0.1460187831768068,SL INT
2023-02-08 00:00:00,2023,2,COSCO,14225,0.207873928054349,SL INT
2023-02-09 00:00:00,2023,2,OOCL,11061,0.0650832558532668,SL INT
2023-02-10 00:00:00,2023,2,RCL,6808,0.1102979613173026,SL INT
2023-02-11 00:00:00,2023,2,HAPAG,0,1.0,SL INT
2023-02-12 00:00:00,2023,2,SITC,5937,0.2011571582346609,SL INT
2023-02-13 00:00:00,2023,2,KMTC,3410,0.4633301857097891,SL INT
2023-02-14 00:00:00,2023,2,YML,5314,-0.4487459105779716,SL INT
2023-02-15 00:00:00,2023,2,GSL,3230,0.0276941601444912,SL INT
2023-02-16 00:00:00,2023,2,OTHERS,6272,-0.5398968819052296,SL INT
2023-02-17 00:00:00,2023,2,SSL,1703,0.4304347826086956,SL INT
2023-02-18 00:00:00,2023,2,PIL,2447,-0.0565630397236614,SL INT
2023-02-19 00:00:00,2023,2,ANL,952,0.0,SL INT
2023-02-20 00:00:00,2023,2,HMM,881,0.3170542635658914,SL INT
2023-02-21 00:00:00,2023,2,XCL,450,0.6049165935030729,SL INT
2023-02-22 00:00:00,2023,2,MELL,80,0.8377281947261663,SL INT
2023-02-23 00:00:00,2023,2,BEN,0,0.0,SL INT
2023-02-24 00:00:00,2023,2,KRL,70,0.0,SL INT
2023-02-25 00:00:00,2023,2,KSL,0,0.0,SL INT
2023-03-01 00:00:00,2023,3,CMA,42553,0.0,SL INT
2023-03-02 00:00:00,2023,3,EMC,43878,0.0,SL INT
2023-03-03 00:00:00,2023,3,MSK,36350,0.0,SL INT
2023-03-04 00:00:00,2023,3,MSC,29650,0.0,SL INT
2023-03-05 00:00:00,2023,3,ONE,31603,0.0,SL INT
2023-03-06 00:00:00,2023,3,WHL,24826,0.0,SL INT
2023-03-07 00:00:00,2023,3,COSCO,21905,0.0,SL INT
2023-03-08 00:00:00,2023,3,OOCL,17250,0.0,SL INT
2023-03-09 00:00:00,2023,3,RCL,9981,0.0,SL INT
2023-03-10 00:00:00,2023,3,HAPAG,9167,0.0,SL INT
2023-03-11 00:00:00,2023,3,SITC,9104,0.0,SL INT
2023-03-12 00:00:00,2023,3,KMTC,5709,0.0,SL INT
2023-03-13 00:00:00,2023,3,YML,7870,0.0,SL INT
2023-03-14 00:00:00,2023,3,GSL,5264,0.0,SL INT
2023-03-15 00:00:00,2023,3,OTHERS,12173,0.0,SL INT
2023-03-16 00:00:00,2023,3,SSL,3010,0.0,SL INT
2023-03-17 00:00:00,2023,3,PIL,3844,0.0,SL INT
2023-03-18 00:00:00,2023,3,ANL,1755,0.0,SL INT
2023-03-19 00:00:00,2023,3,HMM,1463,0.0,SL INT
2023-03-20 00:00:00,2023,3,XCL,715,0.0,SL INT
2023-03-21 00:00:00,2023,3,MELL,350,0.0,SL INT
2023-03-22 00:00:00,2023,3,BEN,0,0.0,SL INT
2023-03-23 00:00:00,2023,3,KRL,70,0.0,SL INT
2023-03-24 00:00:00,2023,3,KSL,0,0.0,SL INT
2023-04-01 00:00:00,2023,4,CMA,58928,0.0,SL INT
2023-04-02 00:00:00,2023,4,EMC,55758,0.0,SL INT
2023-04-03 00:00:00,2023,4,MSK,51931,0.0,SL INT
2023-04-04 00:00:00,2023,4,MSC,39554,0.0,SL INT
2023-04-05 00:00:00,2023,4,ONE,40769,0.0,SL INT
2023-04-06 00:00:00,2023,4,WHL,31395,0.0,SL INT
2023-04-07 00:00:00,2023,4,COSCO,27725,0.0,SL INT
2023-04-08 00:00:00,2023,4,OOCL,21904,0.0,SL INT
2023-04-09 00:00:00,2023,4,RCL,12640,0.0,SL INT
2023-04-10 00:00:00,2023,4,HAPAG,12055,0.0,SL INT
2023-04-11 00:00:00,2023,4,SITC,12092,0.0,SL INT
2023-04-12 00:00:00,2023,4,KMTC,7580,0.0,SL INT
2023-04-13 00:00:00,2023,4,YML,9967,0.0,SL INT
2023-04-14 00:00:00,2023,4,GSL,6927,0.0,SL INT
2023-04-15 00:00:00,2023,4,OTHERS,16840,0.0,SL INT
2023-04-16 00:00:00,2023,4,SSL,4068,0.0,SL INT
2023-04-17 00:00:00,2023,4,PIL,4715,0.0,SL INT
2023-04-18 00:00:00,2023,4,ANL,2575,0.0,SL INT
2023-04-19 00:00:00,2023,4,HMM,1808,0.0,SL INT
2023-04-20 00:00:00,2023,4,XCL,984,0.0,SL INT
2023-04-21 00:00:00,2023,4,MELL,350,0.0,SL INT
2023-04-22 00:00:00,2023,4,BEN,0,0.0,SL INT
2023-04-23 00:00:00,2023,4,KRL,70,0.0,SL INT
2023-04-24 00:00:00,2023,4,KSL,0,0.0,SL INT
2023-05-01 00:00:00,2023,5,CMA,79121,0.0,SL INT
2023-05-02 00:00:00,2023,5,EMC,73273,0.0,SL INT
2023-05-03 00:00:00,2023,5,MSK,66092,0.0,SL INT
2023-05-04 00:00:00,2023,5,MSC,54629,0.0,SL INT
2023-05-05 00:00:00,2023,5,ONE,52782,0.0,SL INT
2023-05-06 00:00:00,2023,5,WHL,38554,0.0,SL INT
2023-05-07 00:00:00,2023,5,COSCO,35686,0.0,SL INT
2023-05-08 00:00:00,2023,5,OOCL,27520,0.0,SL INT
2023-05-09 00:00:00,2023,5,RCL,16339,0.0,SL INT
2023-05-10 00:00:00,2023,5,HAPAG,15118,0.0,SL INT
2023-05-11 00:00:00,2023,5,SITC,15345,0.0,SL INT
2023-05-12 00:00:00,2023,5,KMTC,10260,0.0,SL INT
2023-05-13 00:00:00,2023,5,YML,12554,0.0,SL INT
2023-05-14 00:00:00,2023,5,GSL,9063,0.0,SL INT
2023-05-15 00:00:00,2023,5,OTHERS,10174,0.0,SL INT
2023-05-16 00:00:00,2023,5,SSL,5436,0.0,SL INT
2023-05-17 00:00:00,2023,5,PIL,5563,0.0,SL INT
2023-05-18 00:00:00,2023,5,ANL,3595,0.0,SL INT
2023-05-19 00:00:00,2023,5,HMM,2389,0.0,SL INT
2023-05-20 00:00:00,2023,5,XCL,1310,0.0,SL INT
2023-05-21 00:00:00,2023,5,MELL,393,0.0,SL INT
2023-05-22 00:00:00,2023,5,BEN,0,0.0,SL INT
2023-05-23 00:00:00,2023,5,KRL,70,0.0,SL INT
2023-05-24 00:00:00,2023,5,KSL,0,0.0,SL INT
2023-06-01 00:00:00,2023,6,CMA,94585,0.0,SL INT
2023-06-02 00:00:00,2023,6,EMC,89331,0.0,SL INT
2023-06-03 00:00:00,2023,6,MSK,84576,0.0,SL INT
2023-06-04 00:00:00,2023,6,MSC,65804,0.0,SL INT
2023-06-05 00:00:00,2023,6,ONE,64399,0.0,SL INT
2023-06-06 00:00:00,2023,6,WHL,44025,0.0,SL INT
2023-06-07 00:00:00,2023,6,COSCO,43095,0.0,SL INT
2023-06-08 00:00:00,2023,6,OOCL,32490,0.0,SL INT
2023-06-09 00:00:00,2023,6,RCL,19837,0.0,SL INT
2023-06-10 00:00:00,2023,6,HAPAG,18156,0.0,SL INT
2023-06-11 00:00:00,2023,6,SITC,18526,0.0,SL INT
2023-06-12 00:00:00,2023,6,KMTC,13495,0.0,SL INT
2023-06-13 00:00:00,2023,6,YML,15486,0.0,SL INT
2023-06-14 00:00:00,2023,6,GSL,10731,0.0,SL INT
2023-06-15 00:00:00,2023,6,OTHERS,12264,0.0,SL INT
2023-06-16 00:00:00,2023,6,SSL,7055,0.0,SL INT
2023-06-17 00:00:00,2023,6,PIL,6559,0.0,SL INT
2023-06-18 00:00:00,2023,6,ANL,4212,0.0,SL INT
2023-06-19 00:00:00,2023,6,HMM,3030,0.0,SL INT
2023-06-20 00:00:00,2023,6,XCL,1514,0.0,SL INT
2023-06-21 00:00:00,2023,6,MELL,739,0.0,SL INT
2023-06-22 00:00:00,2023,6,BEN,0,0.0,SL INT
2023-06-23 00:00:00,2023,6,KRL,70,0.0,SL INT
2023-06-24 00:00:00,2023,6,KSL,0,0.0,SL INT
2023-07-01 00:00:00,2023,7,CMA,117058,0.0,SL INT
2023-07-02 00:00:00,2023,7,EMC,107156,0.0,SL INT
2023-07-03 00:00:00,2023,7,MSK,101090,0.0,SL INT
2023-07-04 00:00:00,2023,7,MSC,78507,0.0,SL INT
2023-07-05 00:00:00,2023,7,ONE,75628,0.0,SL INT
2023-07-06 00:00:00,2023,7,WHL,51850,0.0,SL INT
2023-07-07 00:00:00,2023,7,COSCO,49641,0.0,SL INT
2023-07-08 00:00:00,2023,7,OOCL,37389,0.0,SL INT
2023-07-09 00:00:00,2023,7,RCL,24196,0.0,SL INT
2023-07-10 00:00:00,2023,7,HAPAG,21320,0.0,SL INT
2023-07-11 00:00:00,2023,7,SITC,22115,0.0,SL INT
2023-07-12 00:00:00,2023,7,KMTC,16816,0.0,SL INT
2023-07-13 00:00:00,2023,7,YML,17602,0.0,SL INT
2023-07-14 00:00:00,2023,7,GSL,12074,0.0,SL INT
2023-07-15 00:00:00,2023,7,OTHERS,13722,0.0,SL INT
2023-07-16 00:00:00,2023,7,SSL,8665,0.0,SL INT
2023-07-17 00:00:00,2023,7,PIL,7810,0.0,SL INT
2023-07-18 00:00:00,2023,7,ANL,5338,0.0,SL INT
2023-07-19 00:00:00,2023,7,HMM,4044,0.0,SL INT
2023-07-20 00:00:00,2023,7,XCL,1948,0.0,SL INT
2023-07-21 00:00:00,2023,7,MELL,1376,0.0,SL INT
2023-07-22 00:00:00,2023,7,BEN,0,0.0,SL INT
2023-07-23 00:00:00,2023,7,KRL,70,0.0,SL INT
2023-07-24 00:00:00,2023,7,KSL,0,0.0,SL INT
2023-08-01 00:00:00,2023,8,CMA,135299,0.0,SL INT
2023-08-02 00:00:00,2023,8,EMC,125026,0.0,SL INT
2023-08-03 00:00:00,2023,8,MSK,115492,0.0,SL INT
2023-08-04 00:00:00,2023,8,MSC,93182,0.0,SL INT
2023-08-05 00:00:00,2023,8,ONE,86796,0.0,SL INT
2023-08-06 00:00:00,2023,8,WHL,59294,0.0,SL INT
2023-08-07 00:00:00,2023,8,COSCO,54764,0.0,SL INT
2023-08-08 00:00:00,2023,8,OOCL,42734,0.0,SL INT
2023-08-09 00:00:00,2023,8,RCL,27313,0.0,SL INT
2023-08-10 00:00:00,2023,8,HAPAG,24353,0.0,SL INT
2023-08-11 00:00:00,2023,8,SITC,25039,0.0,SL INT
2023-08-12 00:00:00,2023,8,KMTC,19923,0.0,SL INT
2023-08-13 00:00:00,2023,8,YML,20242,0.0,SL INT
2023-08-14 00:00:00,2023,8,GSL,14132,0.0,SL INT
2023-08-15 00:00:00,2023,8,OTHERS,14603,0.0,SL INT
2023-08-16 00:00:00,2023,8,SSL,10268,0.0,SL INT
2023-08-17 00:00:00,2023,8,PIL,8975,0.0,SL INT
2023-08-18 00:00:00,2023,8,ANL,6269,0.0,SL INT
2023-08-19 00:00:00,2023,8,HMM,4773,0.0,SL INT
2023-08-20 00:00:00,2023,8,XCL,2519,0.0,SL INT
2023-08-21 00:00:00,2023,8,MELL,1686,0.0,SL INT
2023-08-22 00:00:00,2023,8,BEN,587,0.0,SL INT
2023-08-23 00:00:00,2023,8,KRL,70,0.0,SL INT
2023-08-24 00:00:00,2023,8,KSL,0,0.0,SL INT
2023-09-01 00:00:00,2023,9,CMA,151946,0.0,SL INT
2023-09-02 00:00:00,2023,9,EMC,141048,0.0,SL INT
2023-09-03 00:00:00,2023,9,MSK,133112,0.0,SL INT
2023-09-04 00:00:00,2023,9,MSC,110632,0.0,SL INT
2023-09-05 00:00:00,2023,9,ONE,99061,0.0,SL INT
2023-09-06 00:00:00,2023,9,WHL,66534,0.0,SL INT
2023-09-07 00:00:00,2023,9,COSCO,60587,0.0,SL INT
2023-09-08 00:00:00,2023,9,OOCL,47156,0.0,SL INT
2023-09-09 00:00:00,2023,9,RCL,30613,0.0,SL INT
2023-09-10 00:00:00,2023,9,HAPAG,28043,0.0,SL INT
2023-09-11 00:00:00,2023,9,SITC,28768,0.0,SL INT
2023-09-12 00:00:00,2023,9,KMTC,22568,0.0,SL INT
2023-09-13 00:00:00,2023,9,YML,22025,0.0,SL INT
2023-09-14 00:00:00,2023,9,GSL,15929,0.0,SL INT
2023-09-15 00:00:00,2023,9,OTHERS,15191,0.0,SL INT
2023-09-16 00:00:00,2023,9,SSL,11618,0.0,SL INT
2023-09-17 00:00:00,2023,9,PIL,10574,0.0,SL INT
2023-09-18 00:00:00,2023,9,ANL,7176,0.0,SL INT
2023-09-19 00:00:00,2023,9,HMM,5402,0.0,SL INT
2023-09-20 00:00:00,2023,9,XCL,3080,0.0,SL INT
2023-09-21 00:00:00,2023,9,MELL,1920,0.0,SL INT
2023-09-22 00:00:00,2023,9,BEN,922,0.0,SL INT
2023-09-23 00:00:00,2023,9,KRL,70,0.0,SL INT
2023-09-24 00:00:00,2023,9,KSL,0,0.0,SL INT
2023-10-01 00:00:00,2023,10,CMA,168734,0.0,SL INT
2023-10-02 00:00:00,2023,10,EMC,158085,0.0,SL INT
2023-10-03 00:00:00,2023,10,MSK,154233,0.0,SL INT
2023-10-04 00:00:00,2023,10,MSC,123829,0.0,SL INT
2023-10-05 00:00:00,2023,10,ONE,112029,0.0,SL INT
2023-10-06 00:00:00,2023,10,WHL,74147,0.0,SL INT
2023-10-07 00:00:00,2023,10,COSCO,68653,0.0,SL INT
2023-10-08 00:00:00,2023,10,OOCL,52376,0.0,SL INT
2023-10-09 00:00:00,2023,10,RCL,34079,0.0,SL INT
2023-10-10 00:00:00,2023,10,HAPAG,32204,0.0,SL INT
2023-10-11 00:00:00,2023,10,SITC,32110,0.0,SL INT
2023-10-12 00:00:00,2023,10,KMTC,25357,0.0,SL INT
2023-10-13 00:00:00,2023,10,YML,24184,0.0,SL INT
2023-10-14 00:00:00,2023,10,GSL,18036,0.0,SL INT
2023-10-15 00:00:00,2023,10,OTHERS,16093,0.0,SL INT
2023-10-16 00:00:00,2023,10,SSL,13299,0.0,SL INT
2023-10-17 00:00:00,2023,10,PIL,11771,0.0,SL INT
2023-10-18 00:00:00,2023,10,ANL,7910,0.0,SL INT
2023-10-19 00:00:00,2023,10,HMM,6106,0.0,SL INT
2023-10-20 00:00:00,2023,10,XCL,3809,0.0,SL INT
2023-10-21 00:00:00,2023,10,MELL,2140,0.0,SL INT
2023-10-22 00:00:00,2023,10,BEN,1000,0.0,SL INT
2023-10-23 00:00:00,2023,10,KRL,70,0.0,SL INT
2023-10-24 00:00:00,2023,10,KSL,0,0.0,SL INT
2023-11-01 00:00:00,2023,11,CMA,183733,0.0,SL INT
2023-11-02 00:00:00,2023,11,EMC,177284,0.0,SL INT
2023-11-03 00:00:00,2023,11,MSK,168501,0.0,SL INT
2023-11-04 00:00:00,2023,11,MSC,134860,0.0,SL INT
2023-11-05 00:00:00,2023,11,ONE,125194,0.0,SL INT
2023-11-06 00:00:00,2023,11,WHL,81153,0.0,SL INT
2023-11-07 00:00:00,2023,11,COSCO,75692,0.0,SL INT
2023-11-08 00:00:00,2023,11,OOCL,57142,0.0,SL INT
2023-11-09 00:00:00,2023,11,RCL,37527,0.0,SL INT
2023-11-10 00:00:00,2023,11,HAPAG,35425,0.0,SL INT
2023-11-11 00:00:00,2023,11,SITC,35309,0.0,SL INT
2023-11-12 00:00:00,2023,11,KMTC,27811,0.0,SL INT
2023-11-13 00:00:00,2023,11,YML,25824,0.0,SL INT
2023-11-14 00:00:00,2023,11,GSL,19666,0.0,SL INT
2023-11-15 00:00:00,2023,11,OTHERS,17292,0.0,SL INT
2023-11-16 00:00:00,2023,11,SSL,14768,0.0,SL INT
2023-11-17 00:00:00,2023,11,PIL,13011,0.0,SL INT
2023-11-18 00:00:00,2023,11,ANL,8864,0.0,SL INT
2023-11-19 00:00:00,2023,11,HMM,6486,0.0,SL INT
2023-11-20 00:00:00,2023,11,XCL,4473,0.0,SL INT
2023-11-21 00:00:00,2023,11,MELL,2613,0.0,SL INT
2023-11-22 00:00:00,2023,11,BEN,1170,0.0,SL INT
2023-11-23 00:00:00,2023,11,KRL,70,0.0,SL INT
2023-11-24 00:00:00,2023,11,KSL,0,0.0,SL INT
2023-12-01 00:00:00,2023,12,CMA,203531,0.0,SL INT
2023-12-02 00:00:00,2023,12,EMC,194199,0.0,SL INT
2023-12-03 00:00:00,2023,12,MSK,185345,0.0,SL INT
2023-12-04 00:00:00,2023,12,MSC,145261,0.0,SL INT
2023-12-05 00:00:00,2023,12,ONE,139618,0.0,SL INT
2023-12-06 00:00:00,2023,12,WHL,88636,0.0,SL INT
2023-12-07 00:00:00,2023,12,COSCO,83169,0.0,SL INT
2023-12-08 00:00:00,2023,12,OOCL,62388,0.0,SL INT
2023-12-09 00:00:00,2023,12,RCL,41171,0.0,SL INT
2023-12-10 00:00:00,2023,12,HAPAG,40025,0.0,SL INT
2023-12-11 00:00:00,2023,12,SITC,39231,0.0,SL INT
2023-12-12 00:00:00,2023,12,KMTC,30915,0.0,SL INT
2023-12-13 00:00:00,2023,12,YML,27597,0.0,SL INT
2023-12-14 00:00:00,2023,12,GSL,21513,0.0,SL INT
2023-12-15 00:00:00,2023,12,OTHERS,19376,0.0,SL INT
2023-12-16 00:00:00,2023,12,SSL,16580,0.0,SL INT
2023-12-17 00:00:00,2023,12,PIL,14364,0.0,SL INT
2023-12-18 00:00:00,2023,12,ANL,9856,0.0,SL INT
2023-12-19 00:00:00,2023,12,HMM,7126,0.0,SL INT
2023-12-20 00:00:00,2023,12,XCL,4999,0.0,SL INT
2023-12-21 00:00:00,2023,12,MELL,3100,0.0,SL INT
2023-12-22 00:00:00,2023,12,BEN,1476,0.0,SL INT
2023-12-23 00:00:00,2023,12,KRL,70,0.0,SL INT
2023-12-24 00:00:00,2023,12,KSL,0,0.0,SL INT
2024-01-01 00:00:00,2024,1,CMA,19042,0.0,SL INT
2024-01-02 00:00:00,2024,1,EMC,16605,0.0,SL INT
2024-01-03 00:00:00,2024,1,MSK,14166,0.0,SL INT
2024-01-04 00:00:00,2024,1,MSC,10412,0.0,SL INT
2024-01-05 00:00:00,2024,1,ONE,12560,0.0,SL INT
2024-01-06 00:00:00,2024,1,WHL,6119,0.0,SL INT
2024-01-07 00:00:00,2024,1,COSCO,8281,0.0,SL INT
2024-01-08 00:00:00,2024,1,OOCL,5378,0.0,SL INT
2024-01-09 00:00:00,2024,1,RCL,3875,0.0,SL INT
2024-01-10 00:00:00,2024,1,HAPAG,3293,0.0,SL INT
2024-01-11 00:00:00,2024,1,SITC,4316,0.0,SL INT
2024-01-12 00:00:00,2024,1,KMTC,3186,0.0,SL INT
2024-01-13 00:00:00,2024,1,YML,2133,0.0,SL INT
2024-01-14 00:00:00,2024,1,GSL,1461,0.0,SL INT
2024-01-15 00:00:00,2024,1,OTHERS,2058,0.0,SL INT
2024-01-16 00:00:00,2024,1,SSL,1709,0.0,SL INT
2024-01-17 00:00:00,2024,1,PIL,1306,0.0,SL INT
2024-01-18 00:00:00,2024,1,ANL,825,0.0,SL INT
2024-01-19 00:00:00,2024,1,HMM,658,0.0,SL INT
2024-01-20 00:00:00,2024,1,XCL,631,0.0,SL INT
2024-01-21 00:00:00,2024,1,MELL,299,0.0,SL INT
2024-01-22 00:00:00,2024,1,BEN,168,0.0,SL INT
2024-01-23 00:00:00,2024,1,KRL,0,0.0,SL INT
2024-01-24 00:00:00,2024,1,KSL,0,0.0,SL INT
2024-02-01 00:00:00,2024,2,CMA,35367,0.0,SL INT
2024-02-02 00:00:00,2024,2,EMC,34271,0.0,SL INT
2024-02-03 00:00:00,2024,2,MSK,28978,0.0,SL INT
2024-02-04 00:00:00,2024,2,MSC,19977,0.0,SL INT
2024-02-05 00:00:00,2024,2,ONE,23802,0.0,SL INT
2024-02-06 00:00:00,2024,2,WHL,12245,0.0,SL INT
2024-02-07 00:00:00,2024,2,COSCO,17958,0.0,SL INT
2024-02-08 00:00:00,2024,2,OOCL,11831,0.0,SL INT
2024-02-09 00:00:00,2024,2,RCL,7652,0.0,SL INT
2024-02-10 00:00:00,2024,2,HAPAG,6028,0.0,SL INT
2024-02-11 00:00:00,2024,2,SITC,7432,0.0,SL INT
2024-02-12 00:00:00,2024,2,KMTC,6354,0.0,SL INT
2024-02-13 00:00:00,2024,2,YML,3668,0.0,SL INT
2024-02-14 00:00:00,2024,2,GSL,3322,0.0,SL INT
2024-02-15 00:00:00,2024,2,OTHERS,4073,0.0,SL INT
2024-02-16 00:00:00,2024,2,SSL,2990,0.0,SL INT
2024-02-17 00:00:00,2024,2,PIL,2316,0.0,SL INT
2024-02-18 00:00:00,2024,2,ANL,0,0.0,SL INT
2024-02-19 00:00:00,2024,2,HMM,1290,0.0,SL INT
2024-02-20 00:00:00,2024,2,XCL,1139,0.0,SL INT
2024-02-21 00:00:00,2024,2,MELL,493,0.0,SL INT
2024-02-22 00:00:00,2024,2,BEN,0,0.0,SL INT
2024-02-23 00:00:00,2024,2,KRL,0,0.0,SL INT
2024-02-24 00:00:00,2024,2,KSL,0,0.0,SL INT
03/2024,2024,3,CMA,52580,0.0,SL INT
03/2024,2024,3,EMC,51015,0.0,SL INT
03/2024,2024,3,MSK,43286,0.0,SL INT
03/2024,2024,3,ONE,36279,0.0,SL INT
03/2024,2024,3,MSC,33391,0.0,SL INT
03/2024,2024,3,COSCO,28693,0.0,SL INT
03/2024,2024,3,WHL,20469,0.0,SL INT
03/2024,2024,3,OOCL,18239,0.0,SL INT
03/2024,2024,3,RCL,11747,0.0,SL INT
03/2024,2024,3,SITC,10665,0.0,SL INT
03/2024,2024,3,HAPAG,9566,0.0,SL INT
03/2024,2024,3,KMTC,8914,0.0,SL INT
03/2024,2024,3,OTHERS,5587,0.0,SL INT
03/2024,2024,3,TSL,5260,0.0,SL INT
03/2024,2024,3,YML,4642,0.0,SL INT
03/2024,2024,3,GSL,4602,0.0,SL INT
03/2024,2024,3,SSL,4391,0.0,SL INT
03/2024,2024,3,PIL,3514,0.0,SL INT
03/2024,2024,3,XCL,1907,0.0,SL INT
03/2024,2024,3,HMM,1875,0.0,SL INT
03/2024,2024,3,MELL,713000,0.0,SL INT
03/2024,2024,3,SWI,414000,0.0,SL INT
03/2024,2024,3,KSL,0,0.0,SL INT
03/2024,2024,3,KRL,0,0.0,SL INT
