date,year,month_code,month,lop,teus,boxes,bch,bsh,kategori_layanan
2023-01-01,2023,1,January,EMC,14609.0,14609.0,28.8,48.32,INTERNATIONAL
2023-01-02,2023,1,January,SSL,14466.0,14466.0,36.4,83.92,INTERNATIONAL
2023-01-03,2023,1,January,CNC,11401.0,11401.0,31.5,54.21,INTERNATIONAL
2023-01-04,2023,1,January,MSC,11061.0,11061.0,29.0,52.13,INTERNATIONAL
2023-01-05,2023,1,January,MSK,9145.0,9145.0,28.8,74.83,INTERNATIONAL
2023-01-06,2023,1,January,COS,8393.0,8393.0,32.7,68.11,INTERNATIONAL
2023-01-07,2023,1,January,WHL,7155.0,7155.0,26.5,42.46,INTERNATIONAL
2023-01-08,2023,1,January,PIL,5757.0,5757.0,31.0,57.22,INTERNATIONAL
2023-01-09,2023,1,January,RCL,3889.0,3889.0,23.9,42.06,INTERNATIONAL
2023-01-10,2023,1,January,SIT,3208.0,3208.0,24.0,30.29,INTERNATIONAL
2023-01-11,2023,1,January,CMA,3191.0,3191.0,26.9,63.15,INTERNATIONAL
2023-01-12,2023,1,January,YML,2132.0,2132.0,27.3,45.25,INTERNATIONAL
2023-01-13,2023,1,January,KMT,1305.0,1305.0,33.0,49.57,INTERNATIONAL
2023-01-14,2023,1,January,GSL,1210.0,1210.0,34.2,60.8,INTERNATIONAL
2023-01-15,2023,1,January,OOL,975.0,975.0,34.6,72.74,INTERNATIONAL
2023-01-15,2023,1,January,ONE,911.0,911.0,25.1,48.71,INTERNATIONAL
2023-02-01,2023,2,February,MSK,13960.0,13960.0,32.0,67.57,INTERNATIONAL
2023-02-02,2023,2,February,SSL,12920.0,12920.0,33.7,81.39,INTERNATIONAL
2023-02-03,2023,2,February,EMC,12126.0,12126.0,32.8,56.29,INTERNATIONAL
2023-02-04,2023,2,February,COS,10441.0,10441.0,31.0,64.34,INTERNATIONAL
2023-02-05,2023,2,February,CNC,10031.0,10031.0,28.8,45.8,INTERNATIONAL
2023-02-06,2023,2,February,MSC,8400.0,8400.0,29.1,45.78,INTERNATIONAL
2023-02-07,2023,2,February,WHL,7406.0,7406.0,24.4,39.45,INTERNATIONAL
2023-02-08,2023,2,February,RCL,6379.0,6379.0,23.0,44.07,INTERNATIONAL
2023-02-09,2023,2,February,OOL,2465.0,2465.0,27.3,51.77,INTERNATIONAL
2023-02-10,2023,2,February,KMT,2410.0,2410.0,23.6,38.54,INTERNATIONAL
2023-02-11,2023,2,February,CMA,2389.0,2389.0,36.1,77.54,INTERNATIONAL
2023-02-12,2023,2,February,SIT,2332.0,2332.0,23.1,24.6,INTERNATIONAL
2023-02-13,2023,2,February,PIL,1719.0,1719.0,30.1,39.33,INTERNATIONAL
2023-02-14,2023,2,February,YML,1247.0,1247.0,28.9,55.87,INTERNATIONAL
2023-02-15,2023,2,February,GSL,1232.0,1232.0,38.6,61.9,INTERNATIONAL
2023-02-16,2023,2,February,ONE,969.0,969.0,22.8,30.15,INTERNATIONAL
2023-03-01,2023,3,March,EMC,17470.0,17470.0,29.2,52.87,INTERNATIONAL
2023-03-02,2023,3,March,CNC,16398.0,16398.0,27.3,57.06,INTERNATIONAL
2023-03-03,2023,3,March,MSK,13743.0,13743.0,30.6,85.17,INTERNATIONAL
2023-03-04,2023,3,March,SSL,13537.0,13537.0,35.7,99.67,INTERNATIONAL
2023-03-05,2023,3,March,COS,13525.0,13525.0,36.8,79.46,INTERNATIONAL
2023-03-06,2023,3,March,WHL,10291.0,10291.0,28.6,51.73,INTERNATIONAL
2023-03-07,2023,3,March,MSC,10167.0,10167.0,29.6,55.89,INTERNATIONAL
2023-03-08,2023,3,March,CMA,3395.0,3395.0,23.9,49.68,INTERNATIONAL
2023-03-09,2023,3,March,SIT,2925.0,2925.0,20.1,29.07,INTERNATIONAL
2023-03-10,2023,3,March,GSL,2622.0,2622.0,27.9,48.6,INTERNATIONAL
2023-03-11,2023,3,March,KMT,2589.0,2589.0,23.6,33.62,INTERNATIONAL
2023-03-12,2023,3,March,RCL,2512.0,2512.0,22.0,45.95,INTERNATIONAL
2023-03-13,2023,3,March,YML,2365.0,2365.0,26.2,50.9,INTERNATIONAL
2023-03-14,2023,3,March,ONE,1490.0,1490.0,34.4,65.81,INTERNATIONAL
2023-03-15,2023,3,March,OOL,1457.0,1457.0,25.6,49.04,INTERNATIONAL
2023-03-16,2023,3,March,ANL,1086.0,1086.0,23.2,16.36,INTERNATIONAL
2023-03-17,2023,3,March,PIL,906.0,906.0,28.6,34.21,INTERNATIONAL
2023-03-18,2023,3,March,LMA,327.0,327.0,25.2,31.63,INTERNATIONAL
2023-04-01,2023,4,April,CNC,17947.0,17947.0,33.0,62.18,INTERNATIONAL
2023-04-02,2023,4,April,MSK,17456.0,17456.0,32.5,75.34,INTERNATIONAL
2023-04-03,2023,4,April,SSL,12378.0,12378.0,34.1,75.44,INTERNATIONAL
2023-04-04,2023,4,April,EMC,12310.0,12310.0,28.2,47.6,INTERNATIONAL
2023-04-05,2023,4,April,MSC,10377.0,10377.0,31.0,50.78,INTERNATIONAL
2023-04-06,2023,4,April,COS,9527.0,9527.0,33.4,73.41,INTERNATIONAL
2023-04-07,2023,4,April,WHL,6306.0,6306.0,24.5,45.5,INTERNATIONAL
2023-04-08,2023,4,April,CMA,5242.0,5242.0,29.4,58.09,INTERNATIONAL
2023-04-09,2023,4,April,SIT,2872.0,2872.0,20.3,27.73,INTERNATIONAL
2023-04-10,2023,4,April,OOL,1995.0,1995.0,24.4,51.63,INTERNATIONAL
2023-04-11,2023,4,April,ONE,1799.0,1799.0,26.3,47.65,INTERNATIONAL
2023-04-12,2023,4,April,KMT,1540.0,1540.0,29.4,42.48,INTERNATIONAL
2023-04-13,2023,4,April,GSL,1267.0,1267.0,30.4,49.47,INTERNATIONAL
2023-04-14,2023,4,April,YML,1150.0,1150.0,19.2,35.67,INTERNATIONAL
2023-04-15,2023,4,April,ANL,364.0,364.0,22.1,14.31,INTERNATIONAL
2023-05-01,2023,5,May,CNC,23249.0,23249.0,33.4,75.29,INTERNATIONAL
2023-05-02,2023,5,May,EMC,17544.0,17544.0,31.8,63.87,INTERNATIONAL
2023-05-03,2023,5,May,SSL,15527.0,15527.0,28.0,69.66,INTERNATIONAL
2023-05-04,2023,5,May,MSC,15083.0,15083.0,30.5,64.3,INTERNATIONAL
2023-05-05,2023,5,May,MSK,13992.0,13992.0,32.3,77.82,INTERNATIONAL
2023-05-06,2023,5,May,COS,11186.0,11186.0,25.9,64.93,INTERNATIONAL
2023-05-07,2023,5,May,WHL,6663.0,6663.0,31.5,61.22,INTERNATIONAL
2023-05-08,2023,5,May,CMA,5583.0,5583.0,34.9,76.09,INTERNATIONAL
2023-05-09,2023,5,May,SIT,2637.0,2637.0,22.5,34.6,INTERNATIONAL
2023-05-10,2023,5,May,YML,2525.0,2525.0,25.3,62.61,INTERNATIONAL
2023-05-11,2023,5,May,GSL,2496.0,2496.0,43.3,75.5,INTERNATIONAL
2023-05-12,2023,5,May,KMT,2352.0,2352.0,17.9,42.5,INTERNATIONAL
2023-05-13,2023,5,May,OOL,1318.0,1318.0,25.6,64.93,INTERNATIONAL
2023-05-14,2023,5,May,ONE,865.0,865.0,26.2,52.22,INTERNATIONAL
2023-05-15,2023,5,May,BEN,364.0,364.0,27.9,22.7,INTERNATIONAL
2023-05-16,2023,5,May,ANL,286.0,286.0,19.3,19.2,INTERNATIONAL
2023-05-17,2023,5,May,LMA,64.0,64.0,12.5,6.81,INTERNATIONAL
2023-06-01,2023,6,June,CNC,17793.0,17793.0,27.4,69.19,INTERNATIONAL
2023-06-02,2023,6,June,MSK,17102.0,17102.0,32.3,87.38,INTERNATIONAL
2023-06-03,2023,6,June,EMC,16118.0,16118.0,26.8,57.8,INTERNATIONAL
2023-06-04,2023,6,June,SSL,13187.0,13187.0,29.9,82.23,INTERNATIONAL
2023-06-05,2023,6,June,COS,11902.0,11902.0,26.5,71.27,INTERNATIONAL
2023-06-06,2023,6,June,MSC,10768.0,10768.0,31.8,84.13,INTERNATIONAL
2023-06-07,2023,6,June,WHL,4850.0,4850.0,27.3,60.79,INTERNATIONAL
2023-06-08,2023,6,June,KMT,3826.0,3826.0,20.2,45.17,INTERNATIONAL
2023-06-09,2023,6,June,SIT,2672.0,2672.0,27.7,41.85,INTERNATIONAL
2023-06-10,2023,6,June,OOL,2513.0,2513.0,21.2,48.24,INTERNATIONAL
2023-06-11,2023,6,June,ONE,2477.0,2477.0,36.5,67.76,INTERNATIONAL
2023-06-12,2023,6,June,CMA,2306.0,2306.0,21.9,51.23,INTERNATIONAL
2023-06-13,2023,6,June,GSL,1409.0,1409.0,28.3,60.64,INTERNATIONAL
2023-06-14,2023,6,June,YML,1176.0,1176.0,24.5,53.27,INTERNATIONAL
2023-06-15,2023,6,June,LMA,682.0,682.0,20.9,21.55,INTERNATIONAL
2023-06-16,2023,6,June,ANL,492.0,492.0,20.2,22.91,INTERNATIONAL
2023-06-17,2023,6,June,BEN,166.0,166.0,36.8,21.33,INTERNATIONAL
2023-07-01,2023,7,July,CNC,32032.0,32032.0,31.7,73.19,INTERNATIONAL
2023-07-02,2023,7,July,MSK,19631.0,19631.0,30.5,81.35,INTERNATIONAL
2023-07-03,2023,7,July,EMC,18295.0,18295.0,28.6,61.13,INTERNATIONAL
2023-07-04,2023,7,July,COS,13119.0,13119.0,22.9,54.62,INTERNATIONAL
2023-07-05,2023,7,July,MSC,12655.0,12655.0,27.4,53.89,INTERNATIONAL
2023-07-06,2023,7,July,SSL,12644.0,12644.0,30.3,79.15,INTERNATIONAL
2023-07-07,2023,7,July,WHL,8153.0,8153.0,31.6,65.96,INTERNATIONAL
2023-07-08,2023,7,July,KMT,3706.0,3706.0,18.0,39.04,INTERNATIONAL
2023-07-09,2023,7,July,SIT,3103.0,3103.0,21.9,34.97,INTERNATIONAL
2023-07-10,2023,7,July,ONE,1288.0,1288.0,33.8,62.06,INTERNATIONAL
2023-07-11,2023,7,July,CMA,1270.0,1270.0,33.2,73.2,INTERNATIONAL
2023-07-12,2023,7,July,OOL,1248.0,1248.0,17.4,39.71,INTERNATIONAL
2023-07-13,2023,7,July,YML,1188.0,1188.0,32.9,67.17,INTERNATIONAL
2023-07-14,2023,7,July,GSL,1083.0,1083.0,25.1,56.33,INTERNATIONAL
2023-07-15,2023,7,July,BEN,575.0,575.0,20.4,25.95,INTERNATIONAL
2023-07-16,2023,7,July,ANL,253.0,253.0,38.2,11.25,INTERNATIONAL
2023-07-17,2023,7,July,LMA,137.0,137.0,21.5,16.98,INTERNATIONAL
2023-08-01,2023,8,August,CNC,22137.0,22137.0,29.9,77.31,INTERNATIONAL
2023-08-02,2023,8,August,EMC,17155.0,17155.0,27.8,56.81,INTERNATIONAL
2023-08-03,2023,8,August,MSC,15089.0,15089.0,28.0,61.06,INTERNATIONAL
2023-08-04,2023,8,August,MSK,14606.0,14606.0,33.8,103.54,INTERNATIONAL
2023-08-05,2023,8,August,SSL,12457.0,12457.0,31.3,78.28,INTERNATIONAL
2023-08-06,2023,8,August,COS,8207.0,8207.0,30.8,75.62,INTERNATIONAL
2023-08-07,2023,8,August,WHL,6588.0,6588.0,27.4,60.93,INTERNATIONAL
2023-08-08,2023,8,August,KMT,2805.0,2805.0,32.1,69.26,INTERNATIONAL
2023-08-09,2023,8,August,GSL,2610.0,2610.0,28.0,58.13,INTERNATIONAL
2023-08-10,2023,8,August,SIT,2539.0,2539.0,25.6,35.14,INTERNATIONAL
2023-08-11,2023,8,August,ONE,2538.0,2538.0,30.0,53.47,INTERNATIONAL
2023-08-12,2023,8,August,OOL,2456.0,2456.0,21.5,49.89,INTERNATIONAL
2023-08-13,2023,8,August,YML,2387.0,2387.0,24.7,51.21,INTERNATIONAL
2023-08-14,2023,8,August,CMA,2284.0,2284.0,38.2,76.32,INTERNATIONAL
2023-08-15,2023,8,August,ANL,800.0,800.0,25.5,23.3,INTERNATIONAL
2023-08-16,2023,8,August,LMA,299.0,299.0,28.0,18.19,INTERNATIONAL
2023-08-17,2023,8,August,BEN,276.0,276.0,23.4,19.9,INTERNATIONAL
2023-09-01,2023,9,September,SSL,20557.0,20557.0,28.8,77.85,INTERNATIONAL
2023-09-02,2023,9,September,CNC,19453.0,19453.0,30.1,72.6,INTERNATIONAL
2023-09-03,2023,9,September,MSK,17892.0,17892.0,29.9,91.29,INTERNATIONAL
2023-09-04,2023,9,September,MSC,17439.0,17439.0,29.7,68.83,INTERNATIONAL
2023-09-05,2023,9,September,EMC,16247.0,16247.0,29.1,58.86,INTERNATIONAL
2023-09-06,2023,9,September,WHL,7653.0,7653.0,24.8,51.99,INTERNATIONAL
2023-09-07,2023,9,September,COS,6027.0,6027.0,25.6,75.13,INTERNATIONAL
2023-09-08,2023,9,September,SIT,3494.0,3494.0,24.5,39.13,INTERNATIONAL
2023-09-09,2023,9,September,GSL,2916.0,2916.0,21.2,51.84,INTERNATIONAL
2023-09-10,2023,9,September,KMT,1986.0,1986.0,19.5,40.68,INTERNATIONAL
2023-09-11,2023,9,September,CMA,1254.0,1254.0,36.8,74.67,INTERNATIONAL
2023-09-12,2023,9,September,OOL,1223.0,1223.0,33.5,73.17,INTERNATIONAL
2023-09-13,2023,9,September,YML,1188.0,1188.0,28.7,58.98,INTERNATIONAL
2023-09-14,2023,9,September,ONE,1126.0,1126.0,39.0,79.31,INTERNATIONAL
2023-09-15,2023,9,September,ANL,1047.0,1047.0,23.8,20.2,INTERNATIONAL
2023-09-16,2023,9,September,BEN,432.0,432.0,26.1,23.93,INTERNATIONAL
2023-09-17,2023,9,September,LMA,194.0,194.0,20.1,15.14,INTERNATIONAL
2023-10-01,2023,10,October,SSL,22901.0,22901.0,31.1,76.57,INTERNATIONAL
2023-10-02,2023,10,October,MSK,21525.0,21525.0,29.9,77.19,INTERNATIONAL
2023-10-03,2023,10,October,EMC,17411.0,17411.0,26.9,57.84,INTERNATIONAL
2023-10-04,2023,10,October,CNC,17411.0,17411.0,26.4,65.8,INTERNATIONAL
2023-10-05,2023,10,October,MSC,12745.0,12745.0,26.6,54.74,INTERNATIONAL
2023-10-06,2023,10,October,COS,10870.0,10870.0,28.2,70.99,INTERNATIONAL
2023-10-07,2023,10,October,WHL,6855.0,6855.0,19.3,40.86,INTERNATIONAL
2023-10-08,2023,10,October,KMT,2962.0,2962.0,24.7,44.65,INTERNATIONAL
2023-10-09,2023,10,October,SIT,2587.0,2587.0,24.5,40.72,INTERNATIONAL
2023-10-10,2023,10,October,CMA,2586.0,2586.0,26.5,74.01,INTERNATIONAL
2023-10-11,2023,10,October,OOL,2560.0,2560.0,22.5,53.95,INTERNATIONAL
2023-10-12,2023,10,October,ONE,2406.0,2406.0,35.3,74.79,INTERNATIONAL
2023-10-13,2023,10,October,YML,2375.0,2375.0,23.0,47.8,INTERNATIONAL
2023-10-14,2023,10,October,GSL,1434.0,1434.0,32.8,62.31,INTERNATIONAL
2023-10-15,2023,10,October,ANL,593.0,593.0,24.5,13.79,INTERNATIONAL
2023-10-16,2023,10,October,BEN,218.0,218.0,25.8,27.78,INTERNATIONAL
2023-10-17,2023,10,October,LMA,144.0,144.0,18.6,10.22,INTERNATIONAL
2023-11-01,2023,11,November,EMC,19242.0,19242.0,31.5,65.5,INTERNATIONAL
2023-11-02,2023,11,November,SSL,18648.0,18648.0,32.1,86.21,INTERNATIONAL
2023-11-03,2023,11,November,CNC,17724.0,17724.0,31.1,72.79,INTERNATIONAL
2023-11-04,2023,11,November,MSK,14328.0,14328.0,31.2,99.5,INTERNATIONAL
2023-11-05,2023,11,November,MSC,11331.0,11331.0,26.5,61.64,INTERNATIONAL
2023-11-06,2023,11,November,COS,7021.0,7021.0,29.7,82.76,INTERNATIONAL
2023-11-07,2023,11,November,WHL,5642.0,5642.0,27.8,59.13,INTERNATIONAL
2023-11-08,2023,11,November,SIT,3322.0,3322.0,22.5,38.55,INTERNATIONAL
2023-11-09,2023,11,November,GSL,2768.0,2768.0,23.4,52.58,INTERNATIONAL
2023-11-10,2023,11,November,KMT,2670.0,2670.0,20.5,36.0,INTERNATIONAL
2023-11-11,2023,11,November,ONE,2324.0,2324.0,27.6,58.74,INTERNATIONAL
2023-11-12,2023,11,November,CMA,1305.0,1305.0,26.1,52.67,INTERNATIONAL
2023-11-13,2023,11,November,OOL,1253.0,1253.0,22.7,55.71,INTERNATIONAL
2023-11-14,2023,11,November,YML,990.0,990.0,24.9,53.99,INTERNATIONAL
2023-11-15,2023,11,November,ANL,859.0,859.0,22.1,16.95,INTERNATIONAL
2023-11-16,2023,11,November,BEN,500.0,500.0,22.6,29.73,INTERNATIONAL
2023-11-17,2023,11,November,LMA,172.0,172.0,17.9,21.95,INTERNATIONAL
2023-12-01,2023,12,December,ANL,995.0,995.0,81.69,73.62,INTERNATIONAL
2023-12-02,2023,12,December,BEN,243.0,243.0,46.14,50.8,INTERNATIONAL
2023-12-03,2023,12,December,CMA,2413.0,2413.0,104.55,252.95,INTERNATIONAL
2023-12-04,2023,12,December,CNC,25165.0,25165.0,239.3,597.7,INTERNATIONAL
2023-12-05,2023,12,December,COS,6858.0,6858.0,150.05,386.9,INTERNATIONAL
2023-12-06,2023,12,December,EMC,16068.0,16068.0,78.39,164.52,INTERNATIONAL
2023-12-07,2023,12,December,GSL,1295.0,1295.0,156.1,264.25,INTERNATIONAL
2023-12-08,2023,12,December,KMT,2930.0,2930.0,84.52,174.32,INTERNATIONAL
2023-12-09,2023,12,December,LMA,649.0,649.0,39.48,49.72,INTERNATIONAL
2023-12-10,2023,12,December,MSC,9334.0,9334.0,26.67,52.93,INTERNATIONAL
2023-12-11,2023,12,December,MSK,16088.0,16088.0,30.67,88.49,INTERNATIONAL
2023-12-12,2023,12,December,NSS,1256.0,1256.0,88.8,189.08,INTERNATIONAL
2023-12-13,2023,12,December,ONE,2281.0,2281.0,160.24,335.12,INTERNATIONAL
2023-12-14,2023,12,December,OOL,1216.0,1216.0,115.45,266.75,INTERNATIONAL
2023-12-15,2023,12,December,SIT,4507.0,4507.0,110.6,202.65,INTERNATIONAL
2023-12-16,2023,12,December,SSL,22956.0,22956.0,182.58,470.88,INTERNATIONAL
2023-12-17,2023,12,December,TSL,1381.0,1381.0,72.64,144.92,INTERNATIONAL
2023-12-18,2023,12,December,WHL,7358.0,7358.0,18.18,43.69,INTERNATIONAL
2023-12-19,2023,12,December,YML,2428.0,2428.0,101.3,250.05,INTERNATIONAL
2024-01-01,2024,1,January,ANL,583.0,583.0,24.63,19.36,INTERNATIONAL
2024-01-02,2024,1,January,BEN,259.0,259.0,23.07,13.86,INTERNATIONAL
2024-01-03,2024,1,January,CMA,1028.0,1028.0,30.18,65.36,INTERNATIONAL
2024-01-04,2024,1,January,CNC,15899.0,15899.0,26.47,60.9,INTERNATIONAL
2024-01-05,2024,1,January,COS,11680.0,11680.0,25.44,69.19,INTERNATIONAL
2024-01-06,2024,1,January,EMC,16851.0,16851.0,27.04,56.04,INTERNATIONAL
2024-01-07,2024,1,January,GSL,1266.0,1266.0,29.2,57.63,INTERNATIONAL
2024-01-08,2024,1,January,HPL,518.0,518.0,58.22,57.34,INTERNATIONAL
2024-01-09,2024,1,January,KMT,3266.0,3266.0,23.08,42.11,INTERNATIONAL
2024-01-10,2024,1,January,LMA,181.0,181.0,21.14,14.88,INTERNATIONAL
2024-01-11,2024,1,January,MSC,11256.0,11256.0,26.44,55.42,INTERNATIONAL
2024-01-12,2024,1,January,MSK,15264.0,15264.0,30.03,83.51,INTERNATIONAL
2024-01-13,2024,1,January,NSS,1225.0,1225.0,19.42,41.04,INTERNATIONAL
2024-01-14,2024,1,January,ONE,3528.0,3528.0,21.58,47.79,INTERNATIONAL
2024-01-15,2024,1,January,OOL,3977.0,3977.0,23.54,55.02,INTERNATIONAL
2024-01-16,2024,1,January,RCL,1626.0,1626.0,26.78,40.64,INTERNATIONAL
2024-01-17,2024,1,January,SIT,3910.0,3910.0,19.84,37.44,INTERNATIONAL
2024-01-18,2024,1,January,SSL,19520.0,19520.0,31.3,71.13,INTERNATIONAL
2024-01-19,2024,1,January,TSL,1224.0,1224.0,17.6,36.75,INTERNATIONAL
2024-01-20,2024,1,January,WHL,5590.0,5590.0,25.43,51.9,INTERNATIONAL
2024-01-21,2024,1,January,YML,1159.0,1159.0,18.86,47.99,INTERNATIONAL
2024-02-01,2024,2,February,ANL,472.0,472.0,26.62,21.31,INTERNATIONAL
2024-02-02,2024,2,February,BEN,94.0,94.0,18.55,7.05,INTERNATIONAL
2024-02-03,2024,2,February,CMA,1869.0,1869.0,20.58,39.72,INTERNATIONAL
2024-02-04,2024,2,February,CNC,19991.0,19991.0,30.07,69.33,INTERNATIONAL
2024-02-05,2024,2,February,COS,6712.0,6712.0,24.57,71.48,INTERNATIONAL
2024-02-06,2024,2,February,EMC,16959.0,16959.0,22.3,45.15,INTERNATIONAL
2024-02-07,2024,2,February,GSL,2770.0,2770.0,25.24,45.38,INTERNATIONAL
2024-02-08,2024,2,February,KMT,3261.0,3261.0,22.45,37.98,INTERNATIONAL
2024-02-09,2024,2,February,LMA,247.0,247.0,16.45,12.93,INTERNATIONAL
2024-02-10,2024,2,February,MSC,9845.0,9845.0,22.41,49.47,INTERNATIONAL
2024-02-11,2024,2,February,MSK,15080.0,15080.0,27.52,70.22,INTERNATIONAL
2024-02-12,2024,2,February,NSS,994.0,994.0,16.91,36.75,INTERNATIONAL
2024-02-13,2024,2,February,ONE,2043.0,2043.0,21.23,38.46,INTERNATIONAL
2024-02-14,2024,2,February,OOL,3364.0,3364.0,30.71,74.94,INTERNATIONAL
2024-02-15,2024,2,February,RCL,1345.0,1345.0,17.17,26.18,INTERNATIONAL
2024-02-16,2024,2,February,SIT,3419.0,3419.0,22.66,33.63,INTERNATIONAL
2024-02-17,2024,2,February,SSL,20015.0,20015.0,28.46,64.87,INTERNATIONAL
2024-02-18,2024,2,February,TSL,1034.0,1034.0,17.5,38.83,INTERNATIONAL
2024-02-19,2024,2,February,WHL,5532.0,5532.0,21.46,50.13,INTERNATIONAL
2024-02-20,2024,2,February,YML,587.0,587.0,24.43,55.41,INTERNATIONAL
2024-02-21,2024,2,February,PIL,0.0,0.0,0.0,0.0,INTERNATIONAL
2024-03-01,2024,3,March,ANL,608.0,608.0,22.26,16.21,INTERNATIONAL
2024-03-01,2024,3,March,BEN,247.0,247.0,17.65,11.93,INTERNATIONAL
2024-03-01,2024,3,March,CMA,1061.0,1061.0,31.14,49.69,INTERNATIONAL
2024-03-01,2024,3,March,CNC,19851.0,19851.0,30.87,68.25,INTERNATIONAL
2024-03-01,2024,3,March,COS,9619.0,9619.0,35.55,79.86,INTERNATIONAL
2024-03-01,2024,3,March,EMC,17723.0,17723.0,26.63,53.9,INTERNATIONAL
2024-03-01,2024,3,March,GSL,1227.0,1227.0,22.02,39.88,INTERNATIONAL
2024-03-01,2024,3,March,KMT,2291.0,2291.0,27.16,37.3,INTERNATIONAL
2024-03-01,2024,3,March,LMA,134.0,134.0,26.46,16.93,INTERNATIONAL
2024-03-01,2024,3,March,MSC,14571.0,14571.0,24.12,45.16,INTERNATIONAL
2024-03-01,2024,3,March,MSK,13872.0,13872.0,27.81,59.12,INTERNATIONAL
2024-03-01,2024,3,March,NSS,1210.0,1210.0,22.9,44.24,INTERNATIONAL
2024-03-01,2024,3,March,ONE,3843.0,3843.0,24.82,46.26,INTERNATIONAL
2024-03-01,2024,3,March,OOL,4281.0,4281.0,24.1,54.69,INTERNATIONAL
2024-03-01,2024,3,March,RCL,1198.0,1198.0,21.53,30.88,INTERNATIONAL
2024-03-01,2024,3,March,SIT,3727.0,3727.0,25.57,33.56,INTERNATIONAL
2024-03-01,2024,3,March,SSL,20490.0,20490.0,32.4,73.6,INTERNATIONAL
2024-03-01,2024,3,March,TSL,1335.0,1335.0,19.07,38.8,INTERNATIONAL
2024-03-01,2024,3,March,WHL,8205.0,8205.0,19.44,39.67,INTERNATIONAL
2024-04-01,2024,4,April,ANL,225.0,225.0,16.83,5.66,INTERNATIONAL
2024-04-01,2024,4,April,CMA,1367.0,1367.0,14.94,28.27,INTERNATIONAL
2024-04-01,2024,4,April,CNC,21259.0,21259.0,26.35,64.36,INTERNATIONAL
2024-04-01,2024,4,April,COS,9228.0,9228.0,28.46,80.44,INTERNATIONAL
2024-04-01,2024,4,April,EMC,11721.0,11721.0,23.31,43.17,INTERNATIONAL
2024-04-01,2024,4,April,GSL,1034.0,1034.0,21.54,47.32,INTERNATIONAL
2024-04-01,2024,4,April,KMT,1992.0,1992.0,24.11,42.77,INTERNATIONAL
2024-04-01,2024,4,April,LMA,345.0,345.0,17.9,15.34,INTERNATIONAL
2024-04-01,2024,4,April,MSC,4032.0,4032.0,20.91,50.24,INTERNATIONAL
2024-04-01,2024,4,April,MSK,16631.0,16631.0,29.53,80.39,INTERNATIONAL
2024-04-01,2024,4,April,NSS,775.0,775.0,24.59,51.38,INTERNATIONAL
2024-04-01,2024,4,April,ONE,1900.0,1900.0,30.43,63.41,INTERNATIONAL
2024-04-01,2024,4,April,OOL,1889.0,1889.0,26.01,59.25,INTERNATIONAL
2024-04-01,2024,4,April,RCL,2146.0,2146.0,19.09,31.04,INTERNATIONAL
2024-04-01,2024,4,April,SIT,3197.0,3197.0,17.52,29.64,INTERNATIONAL
2024-04-01,2024,4,April,SSL,18346.0,18346.0,26.12,67.63,INTERNATIONAL
2024-04-01,2024,4,April,TSL,1530.0,1530.0,15.08,32.15,INTERNATIONAL
2024-04-01,2024,4,April,WHL,4331.0,4331.0,21.64,48.86,INTERNATIONAL
2024-05-01,2024,5,May,ANL,445.0,445.0,19.93,8.86,INTERNATIONAL
2024-05-01,2024,5,May,CMA,1163.0,1163.0,17.14,40.78,INTERNATIONAL
2024-05-01,2024,5,May,CNC,24807.0,24807.0,26.81,67.8,INTERNATIONAL
2024-05-01,2024,5,May,COS,10182.0,10182.0,31.43,93.39,INTERNATIONAL
2024-05-01,2024,5,May,EMC,18527.0,18527.0,25.01,49.97,INTERNATIONAL
2024-05-01,2024,5,May,GSL,2641.0,2641.0,20.93,42.11,INTERNATIONAL
2024-05-01,2024,5,May,KMT,2934.0,2934.0,21.05,34.49,INTERNATIONAL
2024-05-01,2024,5,May,LMA,98.0,98.0,24.48,14.2,INTERNATIONAL
2024-05-01,2024,5,May,MSC,17664.0,17664.0,23.4,57.73,INTERNATIONAL
2024-05-01,2024,5,May,MSK,11035.0,11035.0,29.68,78.6,INTERNATIONAL
2024-05-01,2024,5,May,NSS,1164.0,1164.0,17.52,33.59,INTERNATIONAL
2024-05-01,2024,5,May,ONE,7304.0,7304.0,26.74,57.66,INTERNATIONAL
2024-05-01,2024,5,May,OOL,3577.0,3577.0,24.1,64.81,INTERNATIONAL
2024-05-01,2024,5,May,RCL,1027.0,1027.0,22.38,49.27,INTERNATIONAL
2024-05-01,2024,5,May,SIT,3175.0,3175.0,19.39,35.43,INTERNATIONAL
2024-05-01,2024,5,May,SSL,18985.0,18985.0,23.56,63.76,INTERNATIONAL
2024-05-01,2024,5,May,TSL,1767.0,1767.0,17.13,47.67,INTERNATIONAL
2024-05-01,2024,5,May,WHL,4466.0,4466.0,19.28,39.33,INTERNATIONAL
2024-05-01,2024,5,May,YML,981.0,981.0,18.04,39.22,INTERNATIONAL
2024-05-01,2024,5,May,BEN,319.0,319.0,19.06,18.65,INTERNATIONAL
2024-06-01,2024,6,June,ANL,325.0,325.0,23.47,16.53,INTERNATIONAL
2024-06-01,2024,6,June,CMA,1233.0,1233.0,27.46,60.85,INTERNATIONAL
2024-06-01,2024,6,June,CNC,19006.0,19006.0,28.2,78.47,INTERNATIONAL
2024-06-01,2024,6,June,COS,9296.0,9296.0,26.19,61.63,INTERNATIONAL
2024-06-01,2024,6,June,EMC,14594.0,14594.0,28.02,55.58,INTERNATIONAL
2024-06-01,2024,6,June,GSL,1473.0,1473.0,26.13,59.14,INTERNATIONAL
2024-06-01,2024,6,June,KMT,3017.0,3017.0,18.16,32.9,INTERNATIONAL
2024-06-01,2024,6,June,LMA,381.0,381.0,20.84,14.1,INTERNATIONAL
2024-06-01,2024,6,June,MSC,11716.0,11716.0,28.7,58.58,INTERNATIONAL
2024-06-01,2024,6,June,MSK,15659.0,15659.0,27.23,86.86,INTERNATIONAL
2024-06-01,2024,6,June,NSS,1388.0,1388.0,19.93,45.2,INTERNATIONAL
2024-06-01,2024,6,June,ONE,2345.0,2345.0,26.45,54.73,INTERNATIONAL
2024-06-01,2024,6,June,OOL,4340.0,4340.0,21.32,48.71,INTERNATIONAL
2024-06-01,2024,6,June,RCL,2596.0,2596.0,21.51,37.33,INTERNATIONAL
2024-06-01,2024,6,June,SIT,4208.0,4208.0,19.75,36.62,INTERNATIONAL
2024-06-01,2024,6,June,SSL,16571.0,16571.0,26.44,67.74,INTERNATIONAL
2024-06-01,2024,6,June,TSL,1619.0,1619.0,16.11,32.45,INTERNATIONAL
2024-06-01,2024,6,June,WHL,6371.0,6371.0,18.35,40.69,INTERNATIONAL
2024-06-01,2024,6,June,YML,2453.0,2453.0,18.8,42.36,INTERNATIONAL
2024-06-01,2024,6,June,BEN,109.0,109.0,23.67,22.43,INTERNATIONAL
2024-06-01,2024,6,June,MAA,1638.0,1638.0,20.98,39.1,INTERNATIONAL
2024-07-01,2024,7,July,ANL,367.0,367.0,20.23,10.9,INTERNATIONAL
2024-07-02,2024,7,July,BEN,357.0,357.0,16.27,17.1,INTERNATIONAL
2024-07-03,2024,7,July,CMA,1936.0,1936.0,25.43,42.73,INTERNATIONAL
2024-07-04,2024,7,July,CNC,22120.0,22120.0,26.91,70.29,INTERNATIONAL
2024-07-05,2024,7,July,COS,13705.0,13705.0,28.04,71.43,INTERNATIONAL
2024-07-06,2024,7,July,EMC,14405.0,14405.0,21.42,42.88,INTERNATIONAL
2024-07-07,2024,7,July,GSL,2712.0,2712.0,24.77,47.46,INTERNATIONAL
2024-07-08,2024,7,July,KMT,2343.0,2343.0,17.0,34.02,INTERNATIONAL
2024-07-09,2024,7,July,LMA,243.0,243.0,14.49,15.23,INTERNATIONAL
2024-07-10,2024,7,July,MSC,15614.0,15614.0,23.29,52.83,INTERNATIONAL
2024-07-11,2024,7,July,MSK,20659.0,20659.0,28.52,80.86,INTERNATIONAL
2024-07-12,2024,7,July,NSS,1695.0,1695.0,26.7,54.61,INTERNATIONAL
2024-07-13,2024,7,July,ONE,2463.0,2463.0,18.12,35.08,INTERNATIONAL
2024-07-14,2024,7,July,OOL,3124.0,3124.0,24.87,62.01,INTERNATIONAL
2024-07-15,2024,7,July,SIT,4018.0,4018.0,23.49,43.16,INTERNATIONAL
2024-07-16,2024,7,July,SSL,19709.0,19709.0,25.09,60.9,INTERNATIONAL
2024-07-17,2024,7,July,TSL,1976.0,1976.0,20.65,52.19,INTERNATIONAL
2024-07-18,2024,7,July,WHL,4578.0,4578.0,20.78,49.48,INTERNATIONAL
2024-08-01,2024,8,August,ANL,259.0,259.0,20.16,9.22,INTERNATIONAL
2024-08-01,2024,8,August,BEN,208.0,208.0,24.95,20.22,INTERNATIONAL
2024-08-01,2024,8,August,CMA,912.0,912.0,23.18,33.25,INTERNATIONAL
2024-08-01,2024,8,August,CNC,30992.0,30992.0,27.2,65.33,INTERNATIONAL
2024-08-01,2024,8,August,COS,8427.0,8427.0,28.05,73.92,INTERNATIONAL
2024-08-01,2024,8,August,EMC,15490.0,15490.0,23.4,46.45,INTERNATIONAL
2024-08-01,2024,8,August,GSL,1180.0,1180.0,21.2,39.1,INTERNATIONAL
2024-08-01,2024,8,August,KMT,2342.0,2342.0,23.12,39.45,INTERNATIONAL
2024-08-01,2024,8,August,LMA,481.0,481.0,22.83,23.28,INTERNATIONAL
2024-08-01,2024,8,August,MSC,11596.0,11596.0,24.18,50.11,INTERNATIONAL
2024-08-01,2024,8,August,MSK,19134.0,19134.0,31.09,78.42,INTERNATIONAL
2024-08-01,2024,8,August,NSS,1265.0,1265.0,21.78,42.72,INTERNATIONAL
2024-08-01,2024,8,August,ONE,4974.0,4974.0,20.95,48.93,INTERNATIONAL
2024-08-01,2024,8,August,OOL,3888.0,3888.0,25.57,73.44,INTERNATIONAL
2024-08-01,2024,8,August,RCL,894.0,894.0,19.32,39.68,INTERNATIONAL
2024-08-01,2024,8,August,SIT,5452.0,5452.0,17.0,34.68,INTERNATIONAL
2024-08-01,2024,8,August,SSL,19973.0,19973.0,23.62,58.06,INTERNATIONAL
2024-08-01,2024,8,August,TSL,1426.0,1426.0,17.77,42.91,INTERNATIONAL
2024-08-01,2024,8,August,WHL,6173.0,6173.0,21.56,43.18,INTERNATIONAL
2024-08-01,2024,8,August,YML,958.0,958.0,19.26,40.87,INTERNATIONAL
2024-09-01,2024,9,September,ANL,625.0,625.0,20.54,12.59,INTERNATIONAL
2024-09-01,2024,9,September,CMA,2403.0,2403.0,20.67,36.97,INTERNATIONAL
2024-09-01,2024,9,September,CNC,18852.0,18852.0,28.47,73.53,INTERNATIONAL
2024-09-01,2024,9,September,EMC,16474.0,16474.0,24.69,49.03,INTERNATIONAL
2024-09-01,2024,9,September,GSL,1368.0,1368.0,23.37,52.9,INTERNATIONAL
2024-09-01,2024,9,September,KMT,2657.0,2657.0,21.74,37.45,INTERNATIONAL
2024-09-01,2024,9,September,NSS,1372.0,1372.0,22.05,54.57,INTERNATIONAL
2024-09-01,2024,9,September,ONE,3026.0,3026.0,24.02,45.76,INTERNATIONAL
2024-09-01,2024,9,September,RCL,1042.0,1042.0,20.06,30.19,INTERNATIONAL
2024-09-01,2024,9,September,SIT,4125.0,4125.0,17.8,32.53,INTERNATIONAL
2024-09-01,2024,9,September,TSL,1129.0,1129.0,18.29,40.89,INTERNATIONAL
2024-09-01,2024,9,September,YML,2335.0,2335.0,20.76,45.22,INTERNATIONAL
2024-09-01,2024,9,September,MSK,25379.0,25379.0,28.05,67.53,INTERNATIONAL
2024-09-01,2024,9,September,MSC,10519.0,10519.0,22.32,46.97,INTERNATIONAL
2024-09-01,2024,9,September,SSL,19886.0,19886.0,22.62,56.96,INTERNATIONAL
2024-09-01,2024,9,September,WHL,4438.0,4438.0,19.98,38.83,INTERNATIONAL
2024-09-01,2024,9,September,COS,9895.0,9895.0,30.25,82.11,INTERNATIONAL
2024-09-01,2024,9,September,OOL,4736.0,4736.0,26.14,74.46,INTERNATIONAL
2024-09-01,2024,9,September,LMA,349.0,349.0,30.61,33.29,INTERNATIONAL
2024-09-01,2024,9,September,BEN,170.0,170.0,22.22,20.39,INTERNATIONAL
2024-10-01,2024,10,October,ANL,437.0,437.0,23.5,14.9,INTERNATIONAL
2024-10-01,2024,10,October,BEN,152.0,152.0,27.89,19.0,INTERNATIONAL
2024-10-01,2024,10,October,CMA,876.0,876.0,17.16,31.89,INTERNATIONAL
2024-10-01,2024,10,October,CNC,30486.0,30486.0,29.19,64.22,INTERNATIONAL
2024-10-01,2024,10,October,COS,9734.0,9734.0,27.37,69.36,INTERNATIONAL
2024-10-01,2024,10,October,EMC,15908.0,15908.0,25.09,47.73,INTERNATIONAL
2024-10-01,2024,10,October,GSL,2990.0,2990.0,26.79,54.54,INTERNATIONAL
2024-10-01,2024,10,October,KMT,2152.0,2152.0,19.42,33.7,INTERNATIONAL
2024-10-01,2024,10,October,LMA,729.0,729.0,20.25,18.35,INTERNATIONAL
2024-10-01,2024,10,October,MSC,13196.0,13196.0,25.38,55.57,INTERNATIONAL
2024-10-01,2024,10,October,MSK,19171.0,19171.0,24.89,71.47,INTERNATIONAL
2024-10-01,2024,10,October,NSS,1414.0,1414.0,19.93,48.81,INTERNATIONAL
2024-10-01,2024,10,October,ONE,2874.0,2874.0,25.83,58.81,INTERNATIONAL
2024-10-01,2024,10,October,OOL,3333.0,3333.0,23.22,68.31,INTERNATIONAL
2024-10-01,2024,10,October,RCL,1431.0,1431.0,29.6,62.26,INTERNATIONAL
2024-10-01,2024,10,October,SIT,4175.0,4175.0,19.65,35.01,INTERNATIONAL
2024-10-01,2024,10,October,SSL,20069.0,20069.0,27.42,68.9,INTERNATIONAL
2024-10-01,2024,10,October,TSL,1153.0,1153.0,21.17,32.13,INTERNATIONAL
2024-10-01,2024,10,October,WHL,4462.0,4462.0,20.76,42.44,INTERNATIONAL
2024-10-01,2024,10,October,YML,2604.0,2604.0,23.42,49.34,INTERNATIONAL
2024-11-01,2024,11,November,CMA,2272.0,2272.0,192.16,414.4,INTERNATIONAL
2024-11-01,2024,11,November,SSL,22678.0,22678.0,169.56,406.2,INTERNATIONAL
2024-11-01,2024,11,November,MSK,16834.0,16834.0,58.76,151.0,INTERNATIONAL
2024-11-01,2024,11,November,EMC,15547.0,15547.0,204.4,395.28,INTERNATIONAL
2024-11-01,2024,11,November,MSC,9743.0,9743.0,23.66,52.76,INTERNATIONAL
2024-11-01,2024,11,November,COS,7473.0,7473.0,163.05,414.15,INTERNATIONAL
2024-11-01,2024,11,November,WHL,5009.0,5009.0,18.74,39.0,INTERNATIONAL
2024-11-01,2024,11,November,SIT,2477.0,2477.0,50.66,79.52,INTERNATIONAL
2024-11-01,2024,11,November,OOL,4280.0,4280.0,258.8,552.6,INTERNATIONAL
2024-11-01,2024,11,November,ONE,2365.0,2365.0,216.9,378.36,INTERNATIONAL
2024-11-01,2024,11,November,KMT,3374.0,3374.0,87.96,173.52,INTERNATIONAL
2024-11-01,2024,11,November,GSL,1366.0,1366.0,169.0,306.05,INTERNATIONAL
2024-11-01,2024,11,November,TSL,1273.0,1273.0,172.41,338.24,INTERNATIONAL
2024-11-01,2024,11,November,RCL,2936.0,2936.0,213.44,451.2,INTERNATIONAL
2024-11-01,2024,11,November,NSS,1102.0,1102.0,132.93,277.55,INTERNATIONAL
2024-11-01,2024,11,November,YML,1325.0,1325.0,113.25,247.0,INTERNATIONAL
2024-11-01,2024,11,November,ANL,652.0,652.0,50.66,44.76,INTERNATIONAL
2024-11-01,2024,11,November,LMA,118.0,118.0,57.58,44.7,INTERNATIONAL
2024-11-01,2024,11,November,BEN,231.0,231.0,47.8,24.26,INTERNATIONAL
2024-12-01,2024,12,December,CMA,288469.0,288469.0,25.0,55.0,INTERNATIONAL
2024-12-02,2024,12,December,SSL,240569.0,240569.0,27.0,64.0,INTERNATIONAL
2024-12-03,2024,12,December,MSK,211877.0,211877.0,28.0,72.0,INTERNATIONAL
2024-12-04,2024,12,December,EMC,190024.0,190024.0,25.0,49.0,INTERNATIONAL
2024-12-05,2024,12,December,MSC,140638.0,140638.0,24.0,52.0,INTERNATIONAL
2024-12-06,2024,12,December,COS,117799.0,117799.0,28.0,72.0,INTERNATIONAL
2024-12-07,2024,12,December,WHL,64063.0,64063.0,21.0,44.0,INTERNATIONAL
2024-12-08,2024,12,December,SIT,48443.0,48443.0,21.0,37.0,INTERNATIONAL
2024-12-09,2024,12,December,OOL,43840.0,43840.0,25.0,60.0,INTERNATIONAL
2024-12-10,2024,12,December,ONE,38906.0,38906.0,25.0,50.0,INTERNATIONAL
2024-12-11,2024,12,December,KMT,31720.0,31720.0,22.0,39.0,INTERNATIONAL
2024-12-12,2024,12,December,GSL,22138.0,22138.0,24.0,48.0,INTERNATIONAL
2024-12-13,2024,12,December,TSL,16809.0,16809.0,19.0,39.0,INTERNATIONAL
2024-12-14,2024,12,December,RCL,17499.0,17499.0,23.0,41.0,INTERNATIONAL
2024-12-15,2024,12,December,NSS,15106.0,15106.0,21.0,43.0,INTERNATIONAL
2024-12-16,2024,12,December,YML,13515.0,13515.0,20.0,45.0,INTERNATIONAL
2024-12-17,2024,12,December,ANL,5762.0,5762.0,23.0,17.0,INTERNATIONAL
2024-12-18,2024,12,December,LMA,3868.0,3868.0,23.0,21.0,INTERNATIONAL
2024-12-19,2024,12,December,BEN,2319.0,2319.0,22.0,18.0,INTERNATIONAL
2024-12-20,2024,12,December,HPL,518.0,518.0,58.0,57.0,INTERNATIONAL
2024-12-21,2024,12,December,PIL,0.0,0.0,0.0,0.0,INTERNATIONAL
2024-12-22,2024,12,December,KAL,0.0,0.0,0.0,0.0,INTERNATIONAL
2024-12-23,2024,12,December,XCL,0.0,0.0,0.0,0.0,INTERNATIONAL
2024-12-24,2024,12,December,KSL,0.0,0.0,0.0,0.0,INTERNATIONAL
2024-12-25,2024,12,December,ACL,0.0,0.0,0.0,0.0,INTERNATIONAL
2024-12-26,2024,12,December,ESL,0.0,0.0,0.0,0.0,INTERNATIONAL
2025-01-01,2025,1,January,ACL,0.0,0.0,0.0,0.0,INTERNATIONAL
2025-01-02,2025,1,January,ANL,437.0,437.0,24.0,10.0,INTERNATIONAL
2025-01-03,2025,1,January,BEN,87.0,87.0,27.0,15.0,INTERNATIONAL
2025-01-04,2025,1,January,CMA,24830.0,24830.0,24.0,49.0,INTERNATIONAL
2025-01-05,2025,1,January,COS,13059.0,13059.0,26.0,67.0,INTERNATIONAL
2025-01-06,2025,1,January,EMC,14121.0,14121.0,23.0,38.0,INTERNATIONAL
2025-01-07,2025,1,January,ESL,0.0,0.0,0.0,0.0,INTERNATIONAL
2025-01-08,2025,1,January,GSL,1146.0,1146.0,34.0,66.0,INTERNATIONAL
2025-01-09,2025,1,January,HPL,0.0,0.0,0.0,0.0,INTERNATIONAL
2025-01-10,2025,1,January,KAL,0.0,0.0,0.0,0.0,INTERNATIONAL
2025-01-11,2025,1,January,KMT,2672.0,2672.0,19.0,32.0,INTERNATIONAL
2025-01-12,2025,1,January,KSL,0.0,0.0,0.0,0.0,INTERNATIONAL
2025-01-13,2025,1,January,LMA,285.0,285.0,17.0,18.0,INTERNATIONAL
2025-01-14,2025,1,January,MSC,7862.0,7862.0,24.0,47.0,INTERNATIONAL
2025-01-15,2025,1,January,MSK,13403.0,13403.0,25.0,68.0,INTERNATIONAL
2025-01-16,2025,1,January,NSS,1237.0,1237.0,25.0,58.0,INTERNATIONAL
2025-01-17,2025,1,January,ONE,2198.0,2198.0,22.0,39.0,INTERNATIONAL
2025-01-18,2025,1,January,OOL,2710.0,2710.0,18.0,55.0,INTERNATIONAL
2025-01-19,2025,1,January,PIL,0.0,0.0,0.0,0.0,INTERNATIONAL
2025-01-20,2025,1,January,RCL,1257.0,1257.0,14.0,26.0,INTERNATIONAL
2025-01-21,2025,1,January,SIT,3938.0,3938.0,28.0,38.0,INTERNATIONAL
2025-01-22,2025,1,January,SSL,16612.0,16612.0,29.0,63.0,INTERNATIONAL
2025-01-23,2025,1,January,TSL,889.0,889.0,21.0,31.0,INTERNATIONAL
2025-01-24,2025,1,January,WHL,6100.0,6100.0,22.0,34.0,INTERNATIONAL
2025-01-25,2025,1,January,XCL,0.0,0.0,0.0,0.0,INTERNATIONAL
2025-01-26,2025,1,January,YML,2189.0,2189.0,20.0,41.0,INTERNATIONAL
2025-02-26,2025,2,February,SSL,46959.0,46959.0,28.0,63.0,INTERNATIONAL
2025-02-26,2025,2,February,CMA,43125.0,43125.0,23.0,49.0,INTERNATIONAL
2025-02-26,2025,2,February,MSK,28755.0,28755.0,26.0,68.0,INTERNATIONAL
2025-02-26,2025,2,February,EMC,27834.0,27834.0,25.0,38.0,INTERNATIONAL
2025-02-26,2025,2,February,COS,22448.0,22448.0,27.0,67.0,INTERNATIONAL
2025-02-26,2025,2,February,MSC,18609.0,18609.0,24.0,47.0,INTERNATIONAL
2025-02-26,2025,2,February,WHL,9396.0,9396.0,21.0,34.0,INTERNATIONAL
2025-02-26,2025,2,February,SIT,7272.0,7272.0,24.0,38.0,INTERNATIONAL
2025-02-26,2025,2,February,OOL,7122.0,7122.0,23.0,55.0,INTERNATIONAL
2025-02-26,2025,2,February,KMT,4436.0,4436.0,22.0,32.0,INTERNATIONAL
2025-02-26,2025,2,February,ONE,3915.0,3915.0,21.0,39.0,INTERNATIONAL
2025-02-26,2025,2,February,YML,3411.0,3411.0,20.0,41.0,INTERNATIONAL
2025-02-26,2025,2,February,NSS,2761.0,2761.0,22.0,58.0,INTERNATIONAL
2025-02-26,2025,2,February,GSL,2572.0,2572.0,28.0,66.0,INTERNATIONAL
2025-02-26,2025,2,February,ANL,1610.0,1610.0,24.0,10.0,INTERNATIONAL
2025-02-26,2025,2,February,RCL,1257.0,1257.0,14.0,26.0,INTERNATIONAL
2025-02-26,2025,2,February,TSL,889.0,889.0,21.0,31.0,INTERNATIONAL
2025-02-26,2025,2,February,LMA,428.0,428.0,21.0,18.0,INTERNATIONAL
2025-02-26,2025,2,February,BEN,393.0,393.0,24.0,15.0,INTERNATIONAL
2025-02-27,2025,2,February,HPL,0.0,0.0,0.0,0.0,INTERNATIONAL
2025-02-28,2025,2,February,PIL,0.0,0.0,0.0,0.0,INTERNATIONAL
2025-02-28,2025,2,February,KAL,0.0,0.0,0.0,0.0,INTERNATIONAL
2025-02-28,2025,2,February,XCL,0.0,0.0,0.0,0.0,INTERNATIONAL
2025-02-28,2025,2,February,KSL,0.0,0.0,0.0,0.0,INTERNATIONAL
2025-02-28,2025,2,February,ACL,0.0,0.0,0.0,0.0,INTERNATIONAL
2025-02-28,2025,2,February,ESL,0.0,0.0,0.0,0.0,INTERNATIONAL
2025-03-26,2025,3,March,CMA,65124.0,65124.0,23.0,47.0,INTERNATIONAL
2025-03-26,2025,3,March,SSL,63449.0,63449.0,28.0,61.0,INTERNATIONAL
2025-03-26,2025,3,March,MSK,49466.0,49466.0,26.0,60.0,INTERNATIONAL
2025-03-26,2025,3,March,EMC,42968.0,42968.0,24.0,38.0,INTERNATIONAL
2025-03-26,2025,3,March,MSC,34247.0,34247.0,25.0,49.0,INTERNATIONAL
2025-03-26,2025,3,March,COS,31810.0,31810.0,28.0,65.0,INTERNATIONAL
2025-03-26,2025,3,March,WHL,16331.0,16331.0,20.0,37.0,INTERNATIONAL
2025-03-26,2025,3,March,SIT,11673.0,11673.0,23.0,36.0,INTERNATIONAL
2025-03-26,2025,3,March,OOL,10374.0,10374.0,24.0,52.0,INTERNATIONAL
2025-03-26,2025,3,March,KMT,6622.0,6622.0,21.0,31.0,INTERNATIONAL
2025-03-26,2025,3,March,ONE,6113.0,6113.0,19.0,37.0,INTERNATIONAL
2025-03-26,2025,3,March,YML,5665.0,5665.0,19.0,39.0,INTERNATIONAL
2025-03-26,2025,3,March,GSL,5485.0,5485.0,26.0,58.0,INTERNATIONAL
2025-03-26,2025,3,March,NSS,4304.0,4304.0,20.0,49.0,INTERNATIONAL
2025-03-26,2025,3,March,ANL,2527.0,2527.0,23.0,12.0,INTERNATIONAL
2025-03-26,2025,3,March,TSL,2448.0,2448.0,20.0,32.0,INTERNATIONAL
2025-03-26,2025,3,March,RCL,2067.0,2067.0,20.0,29.0,INTERNATIONAL
2025-03-26,2025,3,March,LMA,923.0,923.0,20.0,17.0,INTERNATIONAL
2025-03-26,2025,3,March,BEN,496.0,496.0,24.0,15.0,INTERNATIONAL
2025-03-26,2025,3,March,HPL,0.0,0.0,0.0,0.0,INTERNATIONAL
2025-03-26,2025,3,March,PIL,0.0,0.0,0.0,0.0,INTERNATIONAL
2025-03-26,2025,3,March,KAL,0.0,0.0,0.0,0.0,INTERNATIONAL
2025-03-26,2025,3,March,XCL,0.0,0.0,0.0,0.0,INTERNATIONAL
2025-03-26,2025,3,March,KSL,0.0,0.0,0.0,0.0,INTERNATIONAL
2025-03-26,2025,3,March,ACL,0.0,0.0,0.0,0.0,INTERNATIONAL
2025-03-26,2025,3,March,ESL,0.0,0.0,0.0,0.0,INTERNATIONAL
2025-04-26,2025,4,April,CMA,86479.0,86479.0,24.0,49.0,INTERNATIONAL
2025-04-26,2025,4,April,SSL,83668.0,83668.0,28.0,61.0,INTERNATIONAL
2025-04-26,2025,4,April,MSK,68853.0,68853.0,26.0,60.0,INTERNATIONAL
2025-04-26,2025,4,April,EMC,55667.0,55667.0,24.0,38.0,INTERNATIONAL
2025-04-26,2025,4,April,MSC,46530.0,46530.0,24.0,50.0,INTERNATIONAL
2025-04-26,2025,4,April,COS,39926.0,39926.0,28.0,67.0,INTERNATIONAL
2025-04-26,2025,4,April,WHL,20470.0,20470.0,21.0,37.0,INTERNATIONAL
2025-04-26,2025,4,April,SIT,13341.0,13341.0,22.0,34.0,INTERNATIONAL
2025-04-26,2025,4,April,OOL,12852.0,12852.0,24.0,53.0,INTERNATIONAL
2025-04-26,2025,4,April,ONE,9040.0,9040.0,21.0,40.0,INTERNATIONAL
2025-04-26,2025,4,April,KMT,8578.0,8578.0,20.0,32.0,INTERNATIONAL
2025-04-26,2025,4,April,GSL,6939.0,6939.0,24.0,53.0,INTERNATIONAL
2025-04-26,2025,4,April,YML,6803.0,6803.0,20.0,40.0,INTERNATIONAL
2025-04-26,2025,4,April,NSS,5788.0,5788.0,20.0,45.0,INTERNATIONAL
2025-04-26,2025,4,April,TSL,3377.0,3377.0,25.0,39.0,INTERNATIONAL
2025-04-26,2025,4,April,ANL,3349.0,3349.0,23.0,15.0,INTERNATIONAL
2025-04-26,2025,4,April,RCL,2907.0,2907.0,20.0,32.0,INTERNATIONAL
2025-04-26,2025,4,April,LMA,1265.0,1265.0,21.0,18.0,INTERNATIONAL
2025-04-26,2025,4,April,BEN,788.0,788.0,25.0,17.0,INTERNATIONAL
2025-04-26,2025,4,April,HPL,0.0,0.0,0.0,0.0,INTERNATIONAL
2025-04-26,2025,4,April,PIL,0.0,0.0,0.0,0.0,INTERNATIONAL
2025-04-26,2025,4,April,KAL,0.0,0.0,0.0,0.0,INTERNATIONAL
2025-04-26,2025,4,April,XCL,0.0,0.0,0.0,0.0,INTERNATIONAL
2025-04-26,2025,4,April,KSL,0.0,0.0,0.0,0.0,INTERNATIONAL
2025-04-26,2025,4,April,ACL,0.0,0.0,0.0,0.0,INTERNATIONAL
2025-04-26,2025,4,April,ESL,0.0,0.0,0.0,0.0,INTERNATIONAL
2025-05-26,2025,5,May,CMA,112701.0,112701.0,23.0,49.0,INTERNATIONAL
2025-05-27,2025,5,May,SSL,104397.0,104397.0,27.0,60.0,INTERNATIONAL
2025-05-28,2025,5,May,MSK,86872.0,86872.0,25.0,57.0,INTERNATIONAL
2025-05-29,2025,5,May,EMC,73200.0,73200.0,24.0,39.0,INTERNATIONAL
2025-05-30,2025,5,May,MSC,56271.0,56271.0,24.0,48.0,INTERNATIONAL
2025-05-31,2025,5,May,COS,47515.0,47515.0,27.0,65.0,INTERNATIONAL
2025-05-31,2025,5,May,WHL,26156.0,26156.0,21.0,38.0,INTERNATIONAL
2025-05-31,2025,5,May,SIT,19584.0,19584.0,21.0,35.0,INTERNATIONAL
2025-05-31,2025,5,May,OOL,17780.0,17780.0,23.0,51.0,INTERNATIONAL
2025-05-31,2025,5,May,ONE,11617.0,11617.0,21.0,40.0,INTERNATIONAL
2025-05-31,2025,5,May,KMT,10412.0,10412.0,20.0,30.0,INTERNATIONAL
2025-05-31,2025,5,May,GSL,8146.0,8146.0,23.0,51.0,INTERNATIONAL
2025-05-31,2025,5,May,YML,7976.0,7976.0,19.0,39.0,INTERNATIONAL
2025-05-31,2025,5,May,NSS,7117.0,7117.0,22.0,48.0,INTERNATIONAL
2025-05-31,2025,5,May,TSL,4815.0,4815.0,22.0,39.0,INTERNATIONAL
2025-05-31,2025,5,May,RCL,3989.0,3989.0,19.0,32.0,INTERNATIONAL
2025-05-31,2025,5,May,ANL,3791.0,3791.0,24.0,14.0,INTERNATIONAL
2025-05-31,2025,5,May,LMA,1484.0,1484.0,20.0,19.0,INTERNATIONAL
2025-05-31,2025,5,May,BEN,957.0,957.0,25.0,16.0,INTERNATIONAL
2025-05-31,2025,5,May,HPL,0.0,0.0,0.0,0.0,INTERNATIONAL
2025-05-31,2025,5,May,PIL,0.0,0.0,0.0,0.0,INTERNATIONAL
2025-05-31,2025,5,May,KAL,0.0,0.0,0.0,0.0,INTERNATIONAL
2025-05-31,2025,5,May,XCL,0.0,0.0,0.0,0.0,INTERNATIONAL
2025-05-31,2025,5,May,KSL,0.0,0.0,0.0,0.0,INTERNATIONAL
2025-05-31,2025,5,May,ACL,0.0,0.0,0.0,0.0,INTERNATIONAL
2025-05-31,2025,5,May,ESL,0.0,0.0,0.0,0.0,INTERNATIONAL
2025-06-30,2025,6,June,CMA,138919.0,138919.0,24.0,49.0,INTERNATIONAL
2025-06-02,2025,6,June,SSL,122517.0,122517.0,26.0,58.0,INTERNATIONAL
2025-06-03,2025,6,June,MSK,107370.0,107370.0,25.0,57.0,INTERNATIONAL
2025-06-04,2025,6,June,EMC,85432.0,85432.0,24.0,41.0,INTERNATIONAL
2025-06-05,2025,6,June,MSC,71051.0,71051.0,24.0,48.0,INTERNATIONAL
2025-06-06,2025,6,June,COS,58214.0,58214.0,26.0,63.0,INTERNATIONAL
2025-06-07,2025,6,June,WHL,30935.0,30935.0,20.0,37.0,INTERNATIONAL
2025-06-08,2025,6,June,SIT,24337.0,24337.0,20.0,33.0,INTERNATIONAL
2025-06-09,2025,6,June,OOL,22562.0,22562.0,23.0,51.0,INTERNATIONAL
2025-06-04,2025,6,June,ONE,14258.0,14258.0,22.0,40.0,INTERNATIONAL
2025-06-05,2025,6,June,KMT,12196.0,12196.0,19.0,31.0,INTERNATIONAL
2025-06-06,2025,6,June,GSL,9565.0,9565.0,21.0,48.0,INTERNATIONAL
2025-06-07,2025,6,June,YML,9223.0,9223.0,19.0,40.0,INTERNATIONAL
2025-06-08,2025,6,June,NSS,8511.0,8511.0,22.0,47.0,INTERNATIONAL
2025-06-09,2025,6,June,TSL,6456.0,6456.0,22.0,40.0,INTERNATIONAL
2025-06-10,2025,6,June,RCL,5195.0,5195.0,20.0,34.0,INTERNATIONAL
2025-06-11,2025,6,June,ANL,4956.0,4956.0,23.0,14.0,INTERNATIONAL
2025-06-12,2025,6,June,BEN,2057.0,2057.0,24.0,18.0,INTERNATIONAL
2025-06-13,2025,6,June,LMA,1947.0,1947.0,20.0,19.0,INTERNATIONAL
2025-06-14,2025,6,June,HPL,0.0,0.0,0.0,0.0,INTERNATIONAL
2025-06-15,2025,6,June,PIL,0.0,0.0,0.0,0.0,INTERNATIONAL
2025-06-16,2025,6,June,KAL,0.0,0.0,0.0,0.0,INTERNATIONAL
2025-06-17,2025,6,June,XCL,0.0,0.0,0.0,0.0,INTERNATIONAL
2025-06-18,2025,6,June,KSL,0.0,0.0,0.0,0.0,INTERNATIONAL
2025-06-19,2025,6,June,ACL,0.0,0.0,0.0,0.0,INTERNATIONAL
2025-06-19,2025,6,June,ESL,0.0,0.0,0.0,0.0,INTERNATIONAL
2025-07-01,2025,7,July,CMA,159201.0,159201.0,23.0,48.0,INTERNATIONAL
2025-07-02,2025,7,July,SSL,147788.0,147788.0,25.0,58.0,INTERNATIONAL
2025-07-03,2025,7,July,MSK,127500.0,127500.0,25.0,56.0,INTERNATIONAL
2025-07-04,2025,7,July,EMC,103404.0,103404.0,23.0,41.0,INTERNATIONAL
2025-07-05,2025,7,July,MSC,82670.0,82670.0,23.0,47.0,INTERNATIONAL
2025-07-06,2025,7,July,COS,64321.0,64321.0,26.0,62.0,INTERNATIONAL
2025-07-07,2025,7,July,WHL,36075.0,36075.0,20.0,37.0,INTERNATIONAL
2025-07-08,2025,7,July,SIT,28252.0,28252.0,20.0,34.0,INTERNATIONAL
2025-07-09,2025,7,July,OOL,28403.0,28403.0,22.0,50.0,INTERNATIONAL
2025-07-10,2025,7,July,ONE,18081.0,18081.0,21.0,41.0,INTERNATIONAL
2025-07-11,2025,7,July,KMT,13362.0,13362.0,20.0,31.0,INTERNATIONAL
2025-07-12,2025,7,July,GSL,10818.0,10818.0,22.0,48.0,INTERNATIONAL
2025-07-13,2025,7,July,YML,9223.0,9223.0,19.0,40.0,INTERNATIONAL
2025-07-14,2025,7,July,NSS,9960.0,9960.0,21.0,46.0,INTERNATIONAL
2025-07-15,2025,7,July,TSL,7999.0,7999.0,21.0,39.0,INTERNATIONAL
2025-07-16,2025,7,July,RCL,6304.0,6304.0,20.0,36.0,INTERNATIONAL
2025-07-17,2025,7,July,ANL,6010.0,6010.0,23.0,16.0,INTERNATIONAL
2025-07-18,2025,7,July,BEN,2552.0,2552.0,24.0,18.0,INTERNATIONAL
2025-07-19,2025,7,July,LMA,2139.0,2139.0,19.0,19.0,INTERNATIONAL
2025-07-20,2025,7,July,HPL,0.0,0.0,0.0,0.0,INTERNATIONAL
2025-07-21,2025,7,July,PIL,4109.0,4109.0,24.0,54.0,INTERNATIONAL
2025-07-22,2025,7,July,KAL,0.0,0.0,0.0,0.0,INTERNATIONAL
2025-07-23,2025,7,July,XCL,1055.0,1055.0,16.0,39.0,INTERNATIONAL
2025-07-24,2025,7,July,KSL,0.0,0.0,0.0,0.0,INTERNATIONAL
2025-07-25,2025,7,July,ACL,0.0,0.0,0.0,0.0,INTERNATIONAL
2025-07-26,2025,7,July,ESL,0.0,0.0,0.0,0.0,INTERNATIONAL
2025-08-01,2025,8,August,CMA,175722.0,175722.0,23.0,48.0,INTERNATIONAL
2025-08-02,2025,8,August,SSL,166221.0,166221.0,24.0,57.0,INTERNATIONAL
2025-08-03,2025,8,August,MSK,146874.0,146874.0,25.0,57.0,INTERNATIONAL
2025-08-04,2025,8,August,EMC,118712.0,118712.0,24.0,42.0,INTERNATIONAL
2025-08-05,2025,8,August,MSC,93584.0,93584.0,23.0,47.0,INTERNATIONAL
2025-08-06,2025,8,August,COS,71988.0,71988.0,26.0,64.0,INTERNATIONAL
2025-08-07,2025,8,August,WHL,41015.0,41015.0,20.0,38.0,INTERNATIONAL
2025-08-08,2025,8,August,OOL,35929.0,35929.0,22.0,49.0,INTERNATIONAL
2025-08-09,2025,8,August,SIT,32300.0,32300.0,20.0,34.0,INTERNATIONAL
2025-08-10,2025,8,August,ONE,20448.0,20448.0,22.0,42.0,INTERNATIONAL
2025-08-11,2025,8,August,KMT,15193.0,15193.0,20.0,33.0,INTERNATIONAL
2025-08-12,2025,8,August,GSL,12265.0,12265.0,22.0,48.0,INTERNATIONAL
2025-08-13,2025,8,August,NSS,11285.0,11285.0,20.0,45.0,INTERNATIONAL
2025-08-14,2025,8,August,TSL,10763.0,10763.0,21.0,39.0,INTERNATIONAL
2025-08-15,2025,8,August,YML,10341.0,10341.0,20.0,43.0,INTERNATIONAL
2025-08-16,2025,8,August,RCL,7278.0,7278.0,20.0,37.0,INTERNATIONAL
2025-08-17,2025,8,August,ANL,6657.0,6657.0,22.0,16.0,INTERNATIONAL
2025-08-18,2025,8,August,PIL,6056.0,6056.0,26.0,57.0,INTERNATIONAL
2025-08-19,2025,8,August,BEN,2757.0,2757.0,22.0,18.0,INTERNATIONAL
2025-08-20,2025,8,August,LMA,2494.0,2494.0,19.0,19.0,INTERNATIONAL
2025-08-21,2025,8,August,HMM,1590.0,1590.0,27.0,48.0,INTERNATIONAL
2025-08-22,2025,8,August,XCL,1055.0,1055.0,16.0,39.0,INTERNATIONAL
2025-08-23,2025,8,August,HPL,0.0,0.0,0.0,0.0,INTERNATIONAL
2025-08-24,2025,8,August,KAL,0.0,0.0,0.0,0.0,INTERNATIONAL
2025-08-25,2025,8,August,KSL,0.0,0.0,0.0,0.0,INTERNATIONAL
2025-08-26,2025,8,August,ACL,0.0,0.0,0.0,0.0,INTERNATIONAL
2025-08-27,2025,8,August,ESL,0.0,0.0,0.0,0.0,INTERNATIONAL
2025-09-01,2025,9,September,CMA,192255.0,192255.0,22.0,48.0,INTERNATIONAL
2025-09-01,2025,9,September,SSL,182147.0,182147.0,24.0,57.0,INTERNATIONAL
2025-09-01,2025,9,September,MSK,168954.0,168954.0,25.0,57.0,INTERNATIONAL
2025-09-01,2025,9,September,EMC,132377.0,132377.0,24.0,43.0,INTERNATIONAL
2025-09-01,2025,9,September,MSC,105144.0,105144.0,23.0,47.0,INTERNATIONAL
2025-09-01,2025,9,September,COS,81077.0,81077.0,26.0,65.0,INTERNATIONAL
2025-09-01,2025,9,September,WHL,45695.0,45695.0,20.0,40.0,INTERNATIONAL
2025-09-01,2025,9,September,OOL,43695.0,43695.0,22.0,49.0,INTERNATIONAL
2025-09-01,2025,9,September,SIT,36517.0,36517.0,20.0,37.0,INTERNATIONAL
2025-09-01,2025,9,September,ONE,23077.0,23077.0,22.0,42.0,INTERNATIONAL
2025-09-01,2025,9,September,KMT,17166.0,17166.0,20.0,34.0,INTERNATIONAL
2025-09-01,2025,9,September,GSL,15252.0,15252.0,21.0,47.0,INTERNATIONAL
2025-09-01,2025,9,September,NSS,12977.0,12977.0,20.0,45.0,INTERNATIONAL
2025-09-01,2025,9,September,TSL,10763.0,10763.0,21.0,39.0,INTERNATIONAL
2025-09-01,2025,9,September,YML,11521.0,11521.0,20.0,43.0,INTERNATIONAL
2025-09-01,2025,9,September,RCL,7278.0,7278.0,20.0,37.0,INTERNATIONAL
2025-09-01,2025,9,September,ANL,8383.0,8383.0,23.0,17.0,INTERNATIONAL
2025-09-01,2025,9,September,PIL,10744.0,10744.0,25.0,54.0,INTERNATIONAL
2025-09-01,2025,9,September,BEN,3152.0,3152.0,22.0,18.0,INTERNATIONAL
2025-09-01,2025,9,September,LMA,2637.0,2637.0,19.0,18.0,INTERNATIONAL
2025-09-01,2025,9,September,HMM,3204.0,3204.0,30.0,57.0,INTERNATIONAL
2025-09-01,2025,9,September,XCL,3804.0,3804.0,18.0,42.0,INTERNATIONAL
2025-09-01,2025,9,September,HPL,0.0,0.0,0.0,0.0,INTERNATIONAL
2025-09-01,2025,9,September,KAL,0.0,0.0,0.0,0.0,INTERNATIONAL
2025-09-01,2025,9,September,KSL,0.0,0.0,0.0,0.0,INTERNATIONAL
2025-09-01,2025,9,September,ACL,0.0,0.0,0.0,0.0,INTERNATIONAL
2025-09-01,2025,9,September,ESL,0.0,0.0,0.0,0.0,INTERNATIONAL
2025-10-01,2025,10,October,CMA,213136.0,213136.0,22.0,48.0,INTERNATIONAL
2025-10-02,2025,10,October,SSL,207722.0,207722.0,23.0,56.0,INTERNATIONAL
2025-10-03,2025,10,October,MSK,188745.0,188745.0,25.0,56.0,INTERNATIONAL
2025-10-04,2025,10,October,EMC,149251.0,149251.0,24.0,43.0,INTERNATIONAL
2025-10-05,2025,10,October,MSC,123753.0,123753.0,22.0,47.0,INTERNATIONAL
2025-10-06,2025,10,October,COS,83368.0,83368.0,26.0,62.0,INTERNATIONAL
2025-10-07,2025,10,October,WHL,51236.0,51236.0,22.0,49.0,INTERNATIONAL
2025-10-08,2025,10,October,OOL,46832.0,46832.0,20.0,41.0,INTERNATIONAL
2025-10-09,2025,10,October,SIT,40194.0,40194.0,20.0,37.0,INTERNATIONAL
2025-10-10,2025,10,October,ONE,27051.0,27051.0,21.0,42.0,INTERNATIONAL
2025-10-11,2025,10,October,KMT,18518.0,18518.0,20.0,34.0,INTERNATIONAL
2025-10-12,2025,10,October,GSL,16569.0,16569.0,21.0,47.0,INTERNATIONAL
2025-10-13,2025,10,October,NSS,16327.0,16327.0,25.0,55.0,INTERNATIONAL
2025-10-14,2025,10,October,TSL,14435.0,14435.0,20.0,45.0,INTERNATIONAL
2025-10-15,2025,10,October,YML,12733.0,12733.0,21.0,43.0,INTERNATIONAL
2025-10-16,2025,10,October,RCL,45789.0,45789.0,22.0,40.0,INTERNATIONAL
2025-10-17,2025,10,October,ANL,9447.0,9447.0,23.0,18.0,INTERNATIONAL
2025-10-18,2025,10,October,PIL,8553.0,8553.0,21.0,40.0,INTERNATIONAL
2025-10-19,2025,10,October,BEN,5540.0,5540.0,19.0,44.0,INTERNATIONAL
2025-10-20,2025,10,October,LMA,5198.0,5198.0,31.0,61.0,INTERNATIONAL
2025-10-21,2025,10,October,HMM,3342.0,3342.0,22.0,19.0,INTERNATIONAL
2025-10-22,2025,10,October,XCL,2922.0,2922.0,19.0,18.0,INTERNATIONAL
2025-10-23,2025,10,October,HPL,0.0,0.0,0.0,0.0,INTERNATIONAL
2025-10-24,2025,10,October,KAL,0.0,0.0,0.0,0.0,INTERNATIONAL
2025-10-25,2025,10,October,KSL,0.0,0.0,0.0,0.0,INTERNATIONAL
2025-10-26,2025,10,October,ACL,0.0,0.0,0.0,0.0,INTERNATIONAL
2025-10-27,2025,10,October,ESL,0.0,0.0,0.0,0.0,INTERNATIONAL
2025-11-01,2025,11,November,CMA,233870.0,233870.0,22.0,48.0,INTERNATIONAL
2025-11-02,2025,11,November,SSL,230837.0,230837.0,23.0,56.0,INTERNATIONAL
2025-11-03,2025,11,November,MSK,208026.0,208026.0,25.0,56.0,INTERNATIONAL
2025-11-04,2025,11,November,EMC,164215.0,164215.0,23.0,43.0,INTERNATIONAL
2025-11-05,2025,11,November,MSC,137387.0,137387.0,22.0,47.0,INTERNATIONAL
2025-11-06,2025,11,November,COS,85434.0,85434.0,27.0,63.0,INTERNATIONAL
2025-11-07,2025,11,November,WHL,58563.0,58563.0,22.0,49.0,INTERNATIONAL
2025-11-08,2025,11,November,OOL,48404.0,48404.0,20.0,41.0,INTERNATIONAL
2025-11-09,2025,11,November,SIT,44712.0,44712.0,20.0,37.0,INTERNATIONAL
2025-11-10,2025,11,November,ONE,29601.0,29601.0,21.0,41.0,INTERNATIONAL
2025-11-11,2025,11,November,KMT,19225.0,19225.0,19.0,33.0,INTERNATIONAL
2025-11-12,2025,11,November,GSL,17981.0,17981.0,21.0,46.0,INTERNATIONAL
2025-11-13,2025,11,November,NSS,20144.0,20144.0,25.0,54.0,INTERNATIONAL
2025-11-14,2025,11,November,TSL,15653.0,15653.0,20.0,44.0,INTERNATIONAL
2025-11-15,2025,11,November,YML,13925.0,13925.0,21.0,43.0,INTERNATIONAL
2025-11-16,2025,11,November,RCL,14073.0,14073.0,23.0,43.0,INTERNATIONAL
2025-11-17,2025,11,November,ANL,11570.0,11570.0,23.0,18.0,INTERNATIONAL
2025-11-18,2025,11,November,PIL,9893.0,9893.0,21.0,40.0,INTERNATIONAL
2025-11-19,2025,11,November,BEN,5540.0,5540.0,19.0,44.0,INTERNATIONAL
2025-11-20,2025,11,November,LMA,7582.0,7582.0,30.0,60.0,INTERNATIONAL
2025-11-21,2025,11,November,HMM,3801.0,3801.0,21.0,19.0,INTERNATIONAL
2025-11-22,2025,11,November,XCL,3104.0,3104.0,19.0,18.0,INTERNATIONAL
